280.00000,8.2000000E-2,2.8877975E+12
280.50000,9.9000000E-2,9.8732237E+12
281.00000,0.15000000,2.0476069E+13
281.50000,0.21200000,3.5488088E+13
282.00000,0.26700000,5.4428317E+13
282.50000,0.30300000,7.5960394E+13
283.00000,0.32500000,9.9096733E+13
283.50000,0.32300000,1.2213132E+14
284.00000,0.29900000,1.4349197E+14
284.50000,0.25000000,1.6138348E+14
285.00000,0.17600000,1.7400124E+14
285.50000,0.15500000,1.8513297E+14
286.00000,0.24200000,2.0254327E+14
286.50000,0.33300000,2.2654231E+14
287.00000,0.36200000,2.5267687E+14
287.50000,0.33900000,2.7719359E+14
288.00000,0.31100000,2.9972445E+14
288.50000,0.32500000,3.2331044E+14
289.00000,0.39200000,3.5180807E+14
289.50000,0.47900000,3.8669067E+14
290.00000,0.56300000,4.2776129E+14
290.50000,0.60600000,4.7204496E+14
291.00000,0.61800000,5.1728327E+14
291.50000,0.59800000,5.6113276E+14
292.00000,0.56700000,6.0278044E+14
292.50000,0.52900000,6.4170344E+14
293.00000,0.53800000,6.8135632E+14
293.50000,0.54900000,7.2188900E+14
294.00000,0.53300000,7.6130744E+14
294.50000,0.52000000,7.9982985E+14
295.00000,0.52700000,8.3893712E+14
295.50000,0.55900000,8.8048933E+14
296.00000,0.57300000,9.2315427E+14
296.50000,0.52100000,9.6201289E+14
297.00000,0.47800000,9.9772448E+14
297.50000,0.52900000,1.0373128E+15
298.00000,0.52800000,1.0768928E+15
298.50000,0.46800000,1.1120338E+15
299.00000,0.47200000,1.1475346E+15
299.50000,0.50100000,1.1852796E+15
300.00000,0.45800000,1.2198426E+15
300.50000,0.43300000,1.2525735E+15
301.00000,0.46300000,1.2876303E+15
301.50000,0.47800000,1.3238830E+15
302.00000,0.44900000,1.3579927E+15
302.50000,0.50800000,1.3966484E+15
303.00000,0.61200000,1.4432949E+15
303.50000,0.64600000,1.4926141E+15
304.00000,0.62100000,1.5401028E+15
304.50000,0.62600000,1.5880525E+15
305.00000,0.64200000,1.6373086E+15
305.50000,0.61100000,1.6842631E+15
306.00000,0.56500000,1.7277536E+15
306.50000,0.57500000,1.7720862E+15
307.00000,0.60500000,1.8188079E+15
307.50000,0.63100000,1.8676169E+15
308.00000,0.64500000,1.9175899E+15
308.50000,0.64100000,1.9673336E+15
309.00000,0.58000000,2.0124164E+15
309.50000,0.50000000,2.0513438E+15
310.00000,0.53300000,2.0929075E+15
310.50000,0.65200000,2.1438328E+15
311.00000,0.76200000,2.2034457E+15
311.50000,0.74400000,2.2617440E+15
312.00000,0.70600000,2.3171535E+15
312.50000,0.67600000,2.3702935E+15
313.00000,0.69400000,2.4249358E+15
313.50000,0.72400000,2.4820311E+15
314.00000,0.71700000,2.5386647E+15
314.50000,0.67600000,2.5921448E+15
315.00000,0.68500000,2.6464230E+15
315.50000,0.63200000,2.6965812E+15
316.00000,0.58700000,2.7432417E+15
316.50000,0.64900000,2.7949123E+15
317.00000,0.73900000,2.8538412E+15
317.50000,0.80200000,2.9178947E+15
318.00000,0.72400000,2.9758097E+15
318.50000,0.68000000,3.0302904E+15
319.00000,0.70600000,3.0869431E+15
319.50000,0.73300000,3.1458545E+15
320.00000,0.77500000,3.2082390E+15
320.50000,0.82600000,3.2748327E+15
321.00000,0.76500000,3.3366046E+15
321.50000,0.71900000,3.3947526E+15
322.00000,0.73500000,3.4542870E+15
322.50000,0.71200000,3.5120480E+15
323.00000,0.64900000,3.5647797E+15
323.50000,0.68100000,3.6201972E+15
324.00000,0.74100000,3.6805904E+15
324.50000,0.78800000,3.7449133E+15
325.00000,0.82900000,3.8126872E+15
325.50000,0.91400000,3.8875252E+15
326.00000,0.99800000,3.9693666E+15
326.50000,1.0200000,4.0531404E+15
327.00000,1.0000000,4.1353973E+15
327.50000,0.98700000,4.2167091E+15
328.00000,0.95700000,4.2956697E+15
328.50000,0.93400000,4.3728501E+15
329.00000,1.0000000,4.4556102E+15
329.50000,1.1000000,4.5467846E+15
330.00000,1.1100000,4.6389275E+15
330.50000,1.0400000,4.7253903E+15
331.00000,0.99100000,4.8079041E+15
331.50000,0.99400000,4.8907927E+15
332.00000,0.99300000,4.9737228E+15
332.50000,0.98000000,5.0556905E+15
333.00000,0.96400000,5.1364411E+15
333.50000,0.93700000,5.2150480E+15
334.00000,0.95600000,5.2953690E+15
334.50000,0.98900000,5.3785870E+15
335.00000,1.0100000,5.4636990E+15
335.50000,0.97500000,5.5459843E+15
336.00000,0.89000000,5.6212079E+15
336.50000,0.82900000,5.6913800E+15
337.00000,0.81800000,5.7607238E+15
337.50000,0.87700000,5.8351796E+15
338.00000,0.92500000,5.9138268E+15
338.50000,0.95800000,5.9954003E+15
339.00000,0.96900000,6.0780323E+15
339.50000,0.98900000,6.1624942E+15
340.00000,1.0500000,6.2522977E+15
340.50000,1.0500000,6.3422332E+15
341.00000,0.97100000,6.4255243E+15
341.50000,0.95900000,6.5079066E+15
342.00000,0.99600000,6.5935927E+15
342.50000,1.0300000,6.6823333E+15
343.00000,1.0400000,6.7720664E+15
343.50000,0.98300000,6.8570050E+15
344.00000,0.85400000,6.9309044E+15
344.50000,0.81300000,7.0013582E+15
345.00000,0.91600000,7.0808532E+15
345.50000,0.97000000,7.1651565E+15
346.00000,0.94300000,7.2472318E+15
346.50000,0.95600000,7.3305589E+15
347.00000,0.97000000,7.4152282E+15
347.50000,0.93300000,7.4967852E+15
348.00000,0.92500000,7.5777592E+15
348.50000,0.93700000,7.6599016E+15
349.00000,0.89900000,7.7388258E+15
349.50000,0.92000000,7.8197092E+15
350.00000,1.0100000,7.9086323E+15
350.50000,1.0800000,8.0038541E+15
351.00000,1.0500000,8.0965630E+15
351.50000,1.0100000,8.1858671E+15
352.00000,0.98400000,8.2729961E+15
352.50000,0.92600000,8.3551059E+15
353.00000,0.98000000,8.4421272E+15
353.50000,1.0800000,8.5381641E+15
354.00000,1.1300000,8.6387892E+15
354.50000,1.1400000,8.7404483E+15
355.00000,1.1400000,8.8422507E+15
355.50000,1.1000000,8.9406194E+15
356.00000,1.0300000,9.0328579E+15
356.50000,0.95900000,9.1188588E+15
357.00000,0.84200000,9.1944733E+15
357.50000,0.85000000,9.2709131E+15
358.00000,0.78900000,9.3419665E+15
358.50000,0.73100000,9.4078887E+15
359.00000,0.85800000,9.4853717E+15
359.50000,1.0300000,9.5785170E+15
360.00000,1.0900000,9.6772254E+15
360.50000,1.0300000,9.7706298E+15
361.00000,0.94200000,9.8561725E+15
361.50000,0.91800000,9.9396512E+15
362.00000,0.95800000,1.0026888E+16
362.50000,1.0500000,1.0122634E+16
363.00000,1.0700000,1.0220339E+16
363.50000,1.0400000,1.0315435E+16
364.00000,1.0700000,1.0413409E+16
364.50000,1.0600000,1.0510600E+16
365.00000,1.1000000,1.0611598E+16
365.50000,1.2000000,1.0721928E+16
366.00000,1.2900000,1.0840695E+16
366.50000,1.2800000,1.0958702E+16
367.00000,1.2600000,1.1075024E+16
367.50000,1.2300000,1.1188731E+16
368.00000,1.1600000,1.1296113E+16
368.50000,1.1500000,1.1402713E+16
369.00000,1.1900000,1.1513172E+16
369.50000,1.2800000,1.1632145E+16
370.00000,1.2900000,1.1752210E+16
370.50000,1.1700000,1.1861253E+16
371.00000,1.1800000,1.1971377E+16
371.50000,1.2200000,1.2085387E+16
372.00000,1.1400000,1.2192064E+16
372.50000,1.0900000,1.2294200E+16
373.00000,1.0400000,1.2391781E+16
373.50000,0.93900000,1.2480004E+16
374.00000,0.93400000,1.2567875E+16
374.50000,0.92500000,1.2655015E+16
375.00000,0.98500000,1.2747931E+16
375.50000,1.0900000,1.2850890E+16
376.00000,1.1200000,1.2956823E+16
376.50000,1.1000000,1.3061002E+16
377.00000,1.1800000,1.3172907E+16
377.50000,1.3100000,1.3297305E+16
378.00000,1.4100000,1.3431376E+16
378.50000,1.3800000,1.3562768E+16
379.00000,1.2300000,1.3680033E+16
379.50000,1.1000000,1.3785043E+16
380.00000,1.1500000,1.3894971E+16
380.50000,1.2300000,1.4012700E+16
381.00000,1.2500000,1.4132501E+16
381.50000,1.1200000,1.4239983E+16
382.00000,0.95400000,1.4331655E+16
382.50000,0.82300000,1.4410843E+16
383.00000,0.73600000,1.4481752E+16
383.50000,0.71100000,1.4550341E+16
384.00000,0.82100000,1.4629646E+16
384.50000,0.98600000,1.4725013E+16
385.00000,1.0800000,1.4829608E+16
385.50000,1.0300000,1.4929490E+16
386.00000,0.99100000,1.5025714E+16
386.50000,1.0300000,1.5125855E+16
387.00000,1.0400000,1.5227099E+16
387.50000,1.0200000,1.5326524E+16
388.00000,1.0100000,1.5425102E+16
388.50000,0.99700000,1.5522536E+16
389.00000,1.0800000,1.5628217E+16
389.50000,1.2000000,1.5745792E+16
390.00000,1.2500000,1.5868423E+16
390.50000,1.2600000,1.5992193E+16
391.00000,1.3300000,1.6123007E+16
391.50000,1.3500000,1.6255957E+16
392.00000,1.2400000,1.6378231E+16
392.50000,1.0300000,1.6479926E+16
393.00000,0.74500000,1.6553576E+16
393.50000,0.59100000,1.6612077E+16
394.00000,0.76700000,1.6688095E+16
394.50000,1.0600000,1.6793285E+16
395.00000,1.2500000,1.6917488E+16
395.50000,1.3200000,1.7048813E+16
396.00000,1.1600000,1.7164365E+16
396.50000,0.84300000,1.7248445E+16
397.00000,0.65200000,1.7313558E+16
397.50000,0.96100000,1.7409649E+16
398.00000,1.3000000,1.7539801E+16
398.50000,1.5300000,1.7693173E+16
399.00000,1.6200000,1.7855770E+16
399.50000,1.6700000,1.8023596E+16
400.00000,1.6900000,1.8278668E+16
401.00000,1.7500000,1.8631718E+16
402.00000,1.8100000,1.8997784E+16
403.00000,1.7400000,1.9350569E+16
404.00000,1.7600000,1.9708293E+16
405.00000,1.7200000,2.0058753E+16
406.00000,1.6700000,2.0399865E+16
407.00000,1.6300000,2.0733627E+16
408.00000,1.7000000,2.1082578E+16
409.00000,1.8100000,2.1455018E+16
410.00000,1.5400000,2.1772676E+16
411.00000,1.7200000,2.2128328E+16
412.00000,1.8200000,2.2505573E+16
413.00000,1.7400000,2.2867111E+16
414.00000,1.7100000,2.3223276E+16
415.00000,1.7700000,2.3592829E+16
416.00000,1.8200000,2.3973736E+16
417.00000,1.7700000,2.4345070E+16
418.00000,1.6900000,2.4700470E+16
419.00000,1.7500000,2.5069369E+16
420.00000,1.6000000,2.5407452E+16
421.00000,1.8100000,2.5790820E+16
422.00000,1.7800000,2.6168729E+16
423.00000,1.7200000,2.6534765E+16
424.00000,1.7100000,2.6899533E+16
425.00000,1.7600000,2.7275852E+16
426.00000,1.7000000,2.7640198E+16
427.00000,1.6400000,2.7992509E+16
428.00000,1.6500000,2.8347799E+16
429.00000,1.5200000,2.8675860E+16
430.00000,1.2100000,2.8937624E+16
431.00000,1.1000000,2.9176144E+16
432.00000,1.8200000,2.9571702E+16
433.00000,1.6900000,2.9939855E+16
434.00000,1.5600000,3.0280475E+16
435.00000,1.7100000,3.0654706E+16
436.00000,1.8700000,3.1064894E+16
437.00000,1.9000000,3.1482619E+16
438.00000,1.6600000,3.1848413E+16
439.00000,1.6000000,3.2201791E+16
440.00000,1.8300000,3.2606887E+16
441.00000,1.8000000,3.3006249E+16
442.00000,1.9200000,3.3433200E+16
443.00000,1.9500000,3.3867803E+16
444.00000,1.8900000,3.4289985E+16
445.00000,1.9700000,3.4731028E+16
446.00000,1.7600000,3.5125942E+16
447.00000,1.9900000,3.5573465E+16
448.00000,2.0100000,3.6026497E+16
449.00000,2.0000000,3.6478282E+16
450.00000,2.0700000,3.6946920E+16
451.00000,2.1400000,3.7432483E+16
452.00000,2.0500000,3.7898656E+16
453.00000,1.8900000,3.8329395E+16
454.00000,2.0200000,3.8790779E+16
455.00000,2.0000000,3.9248600E+16
456.00000,2.0600000,3.9721193E+16
457.00000,2.0800000,4.0199420E+16
458.00000,2.0300000,4.0667173E+16
459.00000,2.0100000,4.1131329E+16
460.00000,2.0000000,4.1594181E+16
461.00000,2.0600000,4.2071956E+16
462.00000,2.0800000,4.2555415E+16
463.00000,2.0800000,4.3039921E+16
464.00000,2.0200000,4.3511467E+16
465.00000,1.9800000,4.3974672E+16
466.00000,2.0200000,4.4448251E+16
467.00000,1.9300000,4.4901700E+16
468.00000,2.0100000,4.5374957E+16
469.00000,2.0200000,4.5851584E+16
470.00000,1.9400000,4.6310312E+16
471.00000,1.9700000,4.6777124E+16
472.00000,2.0700000,4.7268673E+16
473.00000,1.9900000,4.7742226E+16
474.00000,2.0100000,4.8221551E+16
475.00000,2.0800000,4.8718614E+16
476.00000,2.0100000,4.9199960E+16
477.00000,2.0300000,4.9687118E+16
478.00000,2.0900000,5.0189725E+16
479.00000,2.0400000,5.0681335E+16
480.00000,2.0700000,5.1181216E+16
481.00000,2.0600000,5.1679718E+16
482.00000,2.0600000,5.2179257E+16
483.00000,2.0300000,5.2672542E+16
484.00000,1.9900000,5.3157108E+16
485.00000,1.9800000,5.3640236E+16
486.00000,1.6000000,5.4031447E+16
487.00000,1.7900000,5.4470015E+16
488.00000,1.9400000,5.4946310E+16
489.00000,1.8200000,5.5394060E+16
490.00000,2.0300000,5.5894494E+16
491.00000,1.9500000,5.6376188E+16
492.00000,1.8600000,5.6836585E+16
493.00000,1.9800000,5.7327682E+16
494.00000,1.9300000,5.7807348E+16
495.00000,2.0500000,5.8317869E+16
496.00000,1.9500000,5.8804468E+16
497.00000,1.9800000,5.9299549E+16
498.00000,1.9200000,5.9780594E+16
499.00000,1.9200000,6.0262605E+16
500.00000,1.9200000,6.0745581E+16
501.00000,1.8600000,6.1214400E+16
502.00000,1.8600000,6.1684156E+16
503.00000,1.9500000,6.2177622E+16
504.00000,1.8300000,6.2641642E+16
505.00000,1.9500000,6.3137070E+16
506.00000,2.0300000,6.3653845E+16
507.00000,1.9400000,6.4148684E+16
508.00000,1.8800000,6.4629166E+16
509.00000,1.9700000,6.5133640E+16
510.00000,1.9100000,6.5623710E+16
511.00000,1.9400000,6.6122454E+16
512.00000,1.9900000,6.6635053E+16
513.00000,1.8700000,6.7117682E+16
514.00000,1.8200000,6.7588323E+16
515.00000,1.8800000,6.8075425E+16
516.00000,1.8900000,6.8566069E+16
517.00000,1.5400000,6.8966627E+16
518.00000,1.7600000,6.9425294E+16
519.00000,1.7000000,6.9869180E+16
520.00000,1.8600000,7.0355779E+16
521.00000,1.8700000,7.0845935E+16
522.00000,1.9200000,7.1350162E+16
523.00000,1.8000000,7.1823781E+16
524.00000,1.9400000,7.2335213E+16
525.00000,1.9300000,7.2844980E+16
526.00000,1.8700000,7.3339840E+16
527.00000,1.6400000,7.3774659E+16
528.00000,1.8800000,7.4274057E+16
529.00000,1.9700000,7.4798353E+16
530.00000,1.8900000,7.5302309E+16
531.00000,2.0000000,7.5836602E+16
532.00000,1.9600000,7.6361195E+16
533.00000,1.7500000,7.6830462E+16
534.00000,1.8700000,7.7332848E+16
535.00000,1.9000000,7.7844250E+16
536.00000,1.9700000,7.8375484E+16
537.00000,1.8200000,7.8867185E+16
538.00000,1.9100000,7.9384161E+16
539.00000,1.8600000,7.9888539E+16
540.00000,1.8000000,8.0377553E+16
541.00000,1.7300000,8.0848420E+16
542.00000,1.8900000,8.1363786E+16
543.00000,1.8500000,8.1869176E+16
544.00000,1.9200000,8.2394654E+16
545.00000,1.8700000,8.2907389E+16
546.00000,1.8600000,8.3418318E+16
547.00000,1.8800000,8.3935687E+16
548.00000,1.8300000,8.4440216E+16
549.00000,1.8800000,8.4959476E+16
550.00000,1.8600000,8.5474148E+16
551.00000,1.8600000,8.5989756E+16
552.00000,1.9000000,8.6517408E+16
553.00000,1.8400000,8.7029323E+16
554.00000,1.8800000,8.7553312E+16
555.00000,1.8900000,8.8081040E+16
556.00000,1.8600000,8.8601326E+16
557.00000,1.8100000,8.9108537E+16
558.00000,1.8500000,8.9627888E+16
559.00000,1.7600000,9.0122858E+16
560.00000,1.7900000,9.0627166E+16
561.00000,1.8900000,9.1160599E+16
562.00000,1.8000000,9.1669535E+16
563.00000,1.8700000,9.2199205E+16
564.00000,1.8400000,9.2721303E+16
565.00000,1.8500000,9.3247168E+16
566.00000,1.7500000,9.3745490E+16
567.00000,1.8700000,9.4278922E+16
568.00000,1.8600000,9.4810438E+16
569.00000,1.8300000,9.5334301E+16
570.00000,1.8300000,9.5859086E+16
571.00000,1.7600000,9.6364682E+16
572.00000,1.8700000,9.6902818E+16
573.00000,1.8800000,9.7444778E+16
574.00000,1.8700000,9.7984796E+16
575.00000,1.8300000,9.8514184E+16
576.00000,1.8200000,9.9041594E+16
577.00000,1.8600000,9.9581532E+16
578.00000,1.8000000,1.0010496E+17
579.00000,1.8200000,1.0063512E+17
580.00000,1.8300000,1.0116911E+17
581.00000,1.8300000,1.0170402E+17
582.00000,1.8500000,1.0224571E+17
583.00000,1.8600000,1.0279126E+17
584.00000,1.8500000,1.0333481E+17
585.00000,1.8400000,1.0387635E+17
586.00000,1.7900000,1.0440407E+17
587.00000,1.8400000,1.0494746E+17
588.00000,1.8200000,1.0548586E+17
589.00000,1.6200000,1.0596590E+17
590.00000,1.7200000,1.0647645E+17
591.00000,1.8100000,1.0701462E+17
592.00000,1.7900000,1.0754775E+17
593.00000,1.7900000,1.0808177E+17
594.00000,1.7900000,1.0861670E+17
595.00000,1.7800000,1.0914953E+17
596.00000,1.8000000,1.0968926E+17
597.00000,1.8100000,1.1023290E+17
598.00000,1.7700000,1.1076541E+17
599.00000,1.7600000,1.1129580E+17
600.00000,1.7700000,1.1183009E+17
601.00000,1.7400000,1.1235620E+17
602.00000,1.7200000,1.1287713E+17
603.00000,1.7500000,1.1340803E+17
604.00000,1.7800000,1.1394892E+17
605.00000,1.7700000,1.1448767E+17
606.00000,1.7600000,1.1502426E+17
607.00000,1.7600000,1.1556173E+17
608.00000,1.7500000,1.1609703E+17
609.00000,1.7300000,1.1662708E+17
610.00000,1.7200000,1.1715493E+17
611.00000,1.7100000,1.1768058E+17
612.00000,1.7400000,1.1821632E+17
613.00000,1.7100000,1.1874368E+17
614.00000,1.6600000,1.1925646E+17
615.00000,1.7100000,1.1978555E+17
616.00000,1.6600000,1.2030000E+17
617.00000,1.6400000,1.2080908E+17
618.00000,1.7000000,1.2133763E+17
619.00000,1.7100000,1.2187016E+17
620.00000,1.7100000,1.2240355E+17
621.00000,1.7200000,1.2294092E+17
622.00000,1.6800000,1.2346664E+17
623.00000,1.6800000,1.2399321E+17
624.00000,1.6700000,1.2451748E+17
625.00000,1.6400000,1.2503316E+17
626.00000,1.6400000,1.2554966E+17
627.00000,1.6900000,1.2608276E+17
628.00000,1.6900000,1.2661671E+17
629.00000,1.6900000,1.2715151E+17
630.00000,1.6700000,1.2768082E+17
631.00000,1.6600000,1.2820780E+17
632.00000,1.5900000,1.2871336E+17
633.00000,1.6700000,1.2924519E+17
634.00000,1.6400000,1.2976829E+17
635.00000,1.6500000,1.3029542E+17
636.00000,1.6100000,1.3081057E+17
637.00000,1.6600000,1.3134256E+17
638.00000,1.6700000,1.3187859E+17
639.00000,1.6500000,1.3240904E+17
640.00000,1.6100000,1.3292743E+17
641.00000,1.6100000,1.3344664E+17
642.00000,1.6100000,1.3396665E+17
643.00000,1.6300000,1.3449395E+17
644.00000,1.6100000,1.3501558E+17
645.00000,1.6300000,1.3554452E+17
646.00000,1.5900000,1.3606127E+17
647.00000,1.6100000,1.3658534E+17
648.00000,1.6000000,1.3710695E+17
649.00000,1.5500000,1.3761305E+17
650.00000,1.5300000,1.3811338E+17
651.00000,1.6100000,1.3864068E+17
652.00000,1.5900000,1.3916224E+17
653.00000,1.6000000,1.3968788E+17
654.00000,1.5800000,1.4020774E+17
655.00000,1.5200000,1.4070863E+17
656.00000,1.3200000,1.4114427E+17
657.00000,1.3800000,1.4160041E+17
658.00000,1.5400000,1.4211022E+17
659.00000,1.5400000,1.4262079E+17
660.00000,1.5600000,1.4313879E+17
661.00000,1.5700000,1.4366089E+17
662.00000,1.5700000,1.4418378E+17
663.00000,1.5600000,1.4470413E+17
664.00000,1.5500000,1.4522192E+17
665.00000,1.5700000,1.4574718E+17
666.00000,1.5600000,1.4626988E+17
667.00000,1.5400000,1.4678666E+17
668.00000,1.5300000,1.4730085E+17
669.00000,1.5600000,1.4782590E+17
670.00000,1.5300000,1.4834163E+17
671.00000,1.5300000,1.4885813E+17
672.00000,1.5100000,1.4936864E+17
673.00000,1.5200000,1.4988329E+17
674.00000,1.5100000,1.5039531E+17
675.00000,1.5000000,1.5090470E+17
676.00000,1.5200000,1.5142165E+17
677.00000,1.5000000,1.5193255E+17
678.00000,1.5100000,1.5244761E+17
679.00000,1.4900000,1.5295660E+17
680.00000,1.4900000,1.5346634E+17
681.00000,1.4900000,1.5397684E+17
682.00000,1.4900000,1.5448808E+17
683.00000,1.4800000,1.5499663E+17
684.00000,1.4700000,1.5550249E+17
685.00000,1.4700000,1.5600909E+17
686.00000,1.4300000,1.5650262E+17
687.00000,1.4700000,1.5701069E+17
688.00000,1.4800000,1.5752297E+17
689.00000,1.4800000,1.5803599E+17
690.00000,1.4800000,1.5854976E+17
691.00000,1.4700000,1.5906079E+17
692.00000,1.4500000,1.5956560E+17
693.00000,1.4600000,1.6007463E+17
694.00000,1.4600000,1.6058439E+17
695.00000,1.4400000,1.6108790E+17
696.00000,1.4400000,1.6159212E+17
697.00000,1.4400000,1.6209708E+17
698.00000,1.4200000,1.6259573E+17
699.00000,1.4300000,1.6309861E+17
700.00000,1.4200000,1.6359869E+17
701.00000,1.4100000,1.6409596E+17
702.00000,1.4000000,1.6459041E+17
703.00000,1.4100000,1.6508910E+17
704.00000,1.4200000,1.6559204E+17
705.00000,1.4300000,1.6609924E+17
706.00000,1.4100000,1.6660006E+17
707.00000,1.4000000,1.6709803E+17
708.00000,1.4000000,1.6759670E+17
709.00000,1.3900000,1.6809251E+17
710.00000,1.4000000,1.6859259E+17
711.00000,1.4000000,1.6909338E+17
712.00000,1.3800000,1.6958771E+17
713.00000,1.3700000,1.7007914E+17
714.00000,1.3800000,1.7057485E+17
715.00000,1.3500000,1.7106047E+17
716.00000,1.3700000,1.7155397E+17
717.00000,1.3700000,1.7204816E+17
718.00000,1.3600000,1.7253943E+17
719.00000,1.3000000,1.7300968E+17
720.00000,1.3500000,1.7349869E+17
721.00000,1.3500000,1.7398839E+17
722.00000,1.3600000,1.7448239E+17
723.00000,1.3500000,1.7497344E+17
724.00000,1.3600000,1.7546882E+17
725.00000,1.3500000,1.7596123E+17
726.00000,1.3400000,1.7645066E+17
727.00000,1.3400000,1.7694077E+17
728.00000,1.3400000,1.7743156E+17
729.00000,1.2800000,1.7790101E+17
730.00000,1.3400000,1.7839314E+17
731.00000,1.3100000,1.7887492E+17
732.00000,1.3300000,1.7936472E+17
733.00000,1.3100000,1.7984781E+17
734.00000,1.3400000,1.8034264E+17
735.00000,1.3300000,1.8083444E+17
736.00000,1.3100000,1.8131951E+17
737.00000,1.3100000,1.8180524E+17
738.00000,1.3000000,1.8228792E+17
739.00000,1.2600000,1.8275637E+17
740.00000,1.2800000,1.8323291E+17
741.00000,1.2700000,1.8370636E+17
742.00000,1.2600000,1.8417672E+17
743.00000,1.2900000,1.8465893E+17
744.00000,1.3000000,1.8514553E+17
745.00000,1.2900000,1.8562903E+17
746.00000,1.2900000,1.8611319E+17
747.00000,1.2900000,1.8659799E+17
748.00000,1.2800000,1.8707968E+17
749.00000,1.2800000,1.8756201E+17
750.00000,1.2700000,1.8804121E+17
751.00000,1.2700000,1.8852106E+17
752.00000,1.2700000,1.8900154E+17
753.00000,1.2700000,1.8948266E+17
754.00000,1.2800000,1.8996821E+17
755.00000,1.2800000,1.9045441E+17
756.00000,1.2600000,1.9093364E+17
757.00000,1.2600000,1.9141351E+17
758.00000,1.2700000,1.9189782E+17
759.00000,1.2500000,1.9237514E+17
760.00000,1.2600000,1.9285691E+17
761.00000,1.2500000,1.9333548E+17
762.00000,1.2500000,1.9381469E+17
763.00000,1.2500000,1.9429452E+17
764.00000,1.2600000,1.9477882E+17
765.00000,1.2500000,1.9525991E+17
766.00000,1.2000000,1.9572236E+17
767.00000,1.2100000,1.9618928E+17
768.00000,1.2300000,1.9666452E+17
769.00000,1.2100000,1.9713265E+17
770.00000,1.2100000,1.9760139E+17
771.00000,1.2100000,1.9807074E+17
772.00000,1.2100000,1.9854070E+17
773.00000,1.2100000,1.9901126E+17
774.00000,1.2100000,1.9948244E+17
775.00000,1.2100000,1.9995422E+17
776.00000,1.2100000,2.0042661E+17
777.00000,1.2000000,2.0089570E+17
778.00000,1.2000000,2.0136540E+17
779.00000,1.2100000,2.0183961E+17
780.00000,1.1900000,2.0230659E+17
781.00000,1.1900000,2.0277417E+17
782.00000,1.2000000,2.0324628E+17
783.00000,1.1900000,2.0371505E+17
784.00000,1.1800000,2.0418048E+17
785.00000,1.1900000,2.0465045E+17
786.00000,1.1900000,2.0512102E+17
787.00000,1.1900000,2.0559219E+17
788.00000,1.1800000,2.0605999E+17
789.00000,1.1800000,2.0652839E+17
790.00000,1.1700000,2.0699341E+17
791.00000,1.1600000,2.0745503E+17
792.00000,1.1500000,2.0791326E+17
793.00000,1.1400000,2.0836807E+17
794.00000,1.1300000,2.0881946E+17
795.00000,1.1300000,2.0927142E+17
796.00000,1.1400000,2.0972795E+17
797.00000,1.1600000,2.1019308E+17
798.00000,1.1500000,2.1065478E+17
799.00000,1.1400000,2.1111303E+17
800.00000,1.1200000,2.1156381E+17
801.00000,1.1400000,2.1202321E+17
802.00000,1.1400000,2.1248318E+17
803.00000,1.1200000,2.1293565E+17
804.00000,1.1300000,2.1339273E+17
805.00000,1.1000000,2.1383823E+17
806.00000,1.1300000,2.1429644E+17
807.00000,1.1200000,2.1475116E+17
808.00000,1.1200000,2.1520645E+17
809.00000,1.1000000,2.1565416E+17
810.00000,1.1100000,2.1610650E+17
811.00000,1.1100000,2.1655939E+17
812.00000,1.1200000,2.1701693E+17
813.00000,1.1200000,2.1747503E+17
814.00000,1.1200000,2.1793370E+17
815.00000,1.1100000,2.1838883E+17
816.00000,1.1100000,2.1884452E+17
817.00000,1.1100000,2.1930077E+17
818.00000,1.0900000,2.1974934E+17
819.00000,1.0700000,2.2019022E+17
820.00000,1.0700000,2.2063164E+17
821.00000,1.0800000,2.2107773E+17
822.00000,1.0600000,2.2151609E+17
823.00000,1.0800000,2.2196327E+17
824.00000,1.0700000,2.2240684E+17
825.00000,1.0700000,2.2285096E+17
826.00000,1.0800000,2.2329976E+17
827.00000,1.0800000,2.2374911E+17
828.00000,1.0700000,2.2419484E+17
829.00000,1.0600000,2.2463693E+17
830.00000,1.0600000,2.2507956E+17
831.00000,1.0600000,2.2552272E+17
832.00000,1.0600000,2.2596642E+17
833.00000,1.0300000,2.2639807E+17
834.00000,1.0500000,2.2683864E+17
835.00000,1.0500000,2.2727973E+17
836.00000,1.0600000,2.2772556E+17
837.00000,1.0500000,2.2816771E+17
838.00000,1.0500000,2.2861039E+17
839.00000,1.0400000,2.2904937E+17
840.00000,1.0500000,2.2949311E+17
841.00000,1.0500000,2.2993737E+17
842.00000,1.0300000,2.3037369E+17
843.00000,1.0300000,2.3081053E+17
844.00000,1.0100000,2.3123939E+17
845.00000,1.0400000,2.3168151E+17
846.00000,1.0400000,2.3212416E+17
847.00000,1.0100000,2.3255455E+17
848.00000,1.0100000,2.3298545E+17
849.00000,1.0100000,2.3341685E+17
850.00000,0.91000000,2.3380600E+17
851.00000,0.99800000,2.3423328E+17
852.00000,0.99000000,2.3465764E+17
853.00000,0.98100000,2.3507863E+17
854.00000,0.86900000,2.3545199E+17
855.00000,0.92700000,2.3585074E+17
856.00000,0.99000000,2.3627709E+17
857.00000,1.0100000,2.3671256E+17
858.00000,1.0100000,2.3714853E+17
859.00000,1.0100000,2.3758502E+17
860.00000,1.0000000,2.3801769E+17
861.00000,0.99900000,2.3845042E+17
862.00000,1.0100000,2.3888843E+17
863.00000,1.0100000,2.3932695E+17
864.00000,0.99000000,2.3975728E+17
865.00000,0.97400000,2.4018115E+17
866.00000,0.85800000,2.4055497E+17
867.00000,0.92500000,2.4095844E+17
868.00000,0.96900000,2.4138159E+17
869.00000,0.95900000,2.4180086E+17
870.00000,0.97700000,2.4222849E+17
871.00000,0.96300000,2.4265048E+17
872.00000,0.97600000,2.4307866E+17
873.00000,0.96600000,2.4350293E+17
874.00000,0.94900000,2.4392021E+17
875.00000,0.93600000,2.4433225E+17
876.00000,0.96200000,2.4475622E+17
877.00000,0.96500000,2.4518200E+17
878.00000,0.96200000,2.4560694E+17
879.00000,0.94600000,2.4602528E+17
880.00000,0.94900000,2.4644543E+17
881.00000,0.92000000,2.4685320E+17
882.00000,0.94400000,2.4727209E+17
883.00000,0.93900000,2.4768923E+17
884.00000,0.94400000,2.4810906E+17
885.00000,0.95500000,2.4853427E+17
886.00000,0.92600000,2.4894703E+17
887.00000,0.92300000,2.4935892E+17
888.00000,0.94100000,2.4977932E+17
889.00000,0.94400000,2.5020153E+17
890.00000,0.94200000,2.5062332E+17
891.00000,0.93900000,2.5104424E+17
892.00000,0.93300000,2.5146293E+17
893.00000,0.91800000,2.5187536E+17
894.00000,0.92400000,2.5229095E+17
895.00000,0.92600000,2.5270791E+17
896.00000,0.93400000,2.5312893E+17
897.00000,0.92700000,2.5354727E+17
898.00000,0.92400000,2.5396472E+17
899.00000,0.91400000,2.5437811E+17
900.00000,0.91400000,2.5479196E+17
901.00000,0.89800000,2.5519902E+17
902.00000,0.87700000,2.5559700E+17
903.00000,0.92200000,2.5601586E+17
904.00000,0.92100000,2.5643474E+17
905.00000,0.91800000,2.5685271E+17
906.00000,0.90800000,2.5726658E+17
907.00000,0.91500000,2.5768411E+17
908.00000,0.90100000,2.5809570E+17
909.00000,0.88600000,2.5850088E+17
910.00000,0.89500000,2.5891063E+17
911.00000,0.89700000,2.5932175E+17
912.00000,0.89000000,2.5973011E+17
913.00000,0.90000000,2.6014351E+17
914.00000,0.89800000,2.6055644E+17
915.00000,0.88800000,2.6096522E+17
916.00000,0.89500000,2.6137767E+17
917.00000,0.88900000,2.6178780E+17
918.00000,0.88800000,2.6219792E+17
919.00000,0.89200000,2.6261034E+17
920.00000,0.88500000,2.6301996E+17
921.00000,0.87000000,2.6342308E+17
922.00000,0.86300000,2.6382339E+17
923.00000,0.83300000,2.6421020E+17
924.00000,0.87000000,2.6461464E+17
925.00000,0.87600000,2.6502230E+17
926.00000,0.84600000,2.6541643E+17
927.00000,0.87800000,2.6582590E+17
928.00000,0.87100000,2.6623255E+17
929.00000,0.87000000,2.6663917E+17
930.00000,0.86900000,2.6704577E+17
931.00000,0.87100000,2.6745373E+17
932.00000,0.86500000,2.6785932E+17
933.00000,0.87000000,2.6826769E+17
934.00000,0.86700000,2.6867509E+17
935.00000,0.85600000,2.6907775E+17
936.00000,0.85200000,2.6947896E+17
937.00000,0.85400000,2.6988154E+17
938.00000,0.85900000,2.7028691E+17
939.00000,0.85700000,2.7069177E+17
940.00000,0.84000000,2.7108902E+17
941.00000,0.83200000,2.7148290E+17
942.00000,0.80600000,2.7186488E+17
943.00000,0.83800000,2.7226245E+17
944.00000,0.81900000,2.7265141E+17
945.00000,0.82400000,2.7304317E+17
946.00000,0.83100000,2.7343867E+17
947.00000,0.82800000,2.7383316E+17
948.00000,0.83100000,2.7422949E+17
949.00000,0.83300000,2.7462720E+17
950.00000,0.82900000,2.7502342E+17
951.00000,0.82000000,2.7541575E+17
952.00000,0.82400000,2.7581040E+17
953.00000,0.82100000,2.7620404E+17
954.00000,0.81200000,2.7659376E+17
955.00000,0.76900000,2.7696324E+17
956.00000,0.80200000,2.7734897E+17
957.00000,0.80600000,2.7773703E+17
958.00000,0.81100000,2.7812791E+17
959.00000,0.81500000,2.7852113E+17
960.00000,0.80600000,2.7891040E+17
961.00000,0.80000000,2.7929719E+17
962.00000,0.80200000,2.7968534E+17
963.00000,0.79800000,2.8007196E+17
964.00000,0.78800000,2.8045413E+17
965.00000,0.79600000,2.8084059E+17
966.00000,0.78600000,2.8122258E+17
967.00000,0.79500000,2.8160934E+17
968.00000,0.78500000,2.8199164E+17
969.00000,0.78800000,2.8237579E+17
970.00000,0.79100000,2.8276181E+17
971.00000,0.78200000,2.8314382E+17
972.00000,0.78800000,2.8352917E+17
973.00000,0.78100000,2.8391148E+17
974.00000,0.76900000,2.8428830E+17
975.00000,0.77300000,2.8466748E+17
976.00000,0.78100000,2.8505097E+17
977.00000,0.77200000,2.8543043E+17
978.00000,0.77800000,2.8581323E+17
979.00000,0.76700000,2.8619101E+17
980.00000,0.77500000,2.8657311E+17
981.00000,0.77300000,2.8695462E+17
982.00000,0.77900000,2.8733948E+17
983.00000,0.77500000,2.8772275E+17
984.00000,0.76900000,2.8810345E+17
985.00000,0.77100000,2.8848552E+17
986.00000,0.76600000,2.8886550E+17
987.00000,0.76600000,2.8924587E+17
988.00000,0.76400000,2.8962562E+17
989.00000,0.75500000,2.9000129E+17
990.00000,0.75700000,2.9037832E+17
991.00000,0.76200000,2.9075824E+17
992.00000,0.75700000,2.9113604E+17
993.00000,0.75600000,2.9151372E+17
994.00000,0.75900000,2.9189328E+17
995.00000,0.75400000,2.9227072E+17
996.00000,0.75300000,2.9264804E+17
997.00000,0.74300000,2.9302072E+17
998.00000,0.74300000,2.9339378E+17
999.00000,0.74200000,2.9376671E+17
1000.0000,0.74300000,2.9414051E+17
1001.0000,0.74700000,2.9451670E+17
1002.0000,0.74700000,2.9489327E+17
1003.0000,0.73800000,2.9526567E+17
1004.0000,0.73100000,2.9563491E+17
1005.0000,0.68400000,2.9598075E+17
1006.0000,0.71800000,2.9634415E+17
1007.0000,0.73100000,2.9671449E+17
1008.0000,0.73300000,2.9708621E+17
1009.0000,0.72900000,2.9745627E+17
1010.0000,0.73100000,2.9782771E+17
1011.0000,0.72600000,2.9819698E+17
1012.0000,0.72500000,2.9856611E+17
1013.0000,0.72000000,2.9893305E+17
1014.0000,0.72300000,2.9930188E+17
1015.0000,0.71100000,2.9966495E+17
1016.0000,0.71400000,3.0002991E+17
1017.0000,0.70700000,3.0039165E+17
1018.0000,0.71600000,3.0075836E+17
1019.0000,0.69600000,3.0111517E+17
1020.0000,0.70100000,3.0147490E+17
1021.0000,0.70300000,3.0183600E+17
1022.0000,0.69300000,3.0219232E+17
1023.0000,0.69900000,3.0255208E+17
1024.0000,0.70100000,3.0291322E+17
1025.0000,0.69900000,3.0327367E+17
1026.0000,0.69900000,3.0363448E+17
1027.0000,0.69600000,3.0399410E+17
1028.0000,0.69700000,3.0435458E+17
1029.0000,0.69000000,3.0471178E+17
1030.0000,0.69200000,3.0507037E+17
1031.0000,0.69000000,3.0542827E+17
1032.0000,0.69000000,3.0578652E+17
1033.0000,0.67800000,3.0613888E+17
1034.0000,0.68200000,3.0649366E+17
1035.0000,0.68400000,3.0684983E+17
1036.0000,0.68400000,3.0720634E+17
1037.0000,0.67700000,3.0755954E+17
1038.0000,0.67400000,3.0791151E+17
1039.0000,0.67900000,3.0826644E+17
1040.0000,0.67400000,3.0861909E+17
1041.0000,0.67500000,3.0897261E+17
1042.0000,0.67500000,3.0932647E+17
1043.0000,0.66900000,3.0967751E+17
1044.0000,0.67200000,3.1003047E+17
1045.0000,0.66800000,3.1038167E+17
1046.0000,0.65100000,3.1072425E+17
1047.0000,0.66200000,3.1107296E+17
1048.0000,0.66800000,3.1142516E+17
1049.0000,0.66500000,3.1177611E+17
1050.0000,0.66100000,3.1212529E+17
1051.0000,0.66200000,3.1247533E+17
1052.0000,0.65800000,3.1282358E+17
1053.0000,0.65700000,3.1317164E+17
1054.0000,0.65500000,3.1351897E+17
1055.0000,0.65800000,3.1386821E+17
1056.0000,0.65600000,3.1421673E+17
1057.0000,0.65500000,3.1456504E+17
1058.0000,0.64900000,3.1491049E+17
1059.0000,0.63000000,3.1524615E+17
1060.0000,0.64800000,3.1559172E+17
1061.0000,0.63400000,3.1593014E+17
1062.0000,0.64700000,3.1627583E+17
1063.0000,0.63700000,3.1661649E+17
1064.0000,0.64600000,3.1696229E+17
1065.0000,0.64500000,3.1730789E+17
1066.0000,0.63100000,3.1764630E+17
1067.0000,0.63500000,3.1798717E+17
1068.0000,0.63600000,3.1832890E+17
1069.0000,0.60100000,3.1865213E+17
1070.0000,0.62200000,3.1898696E+17
1071.0000,0.62800000,3.1932534E+17
1072.0000,0.63100000,3.1966565E+17
1073.0000,0.61800000,3.1999926E+17
1074.0000,0.63100000,3.2034021E+17
1075.0000,0.61800000,3.2067445E+17
1076.0000,0.62500000,3.2101278E+17
1077.0000,0.62400000,3.2135089E+17
1078.0000,0.62500000,3.2168985E+17
1079.0000,0.61200000,3.2202208E+17
1080.0000,0.62300000,3.2236058E+17
1081.0000,0.60700000,3.2269070E+17
1082.0000,0.60200000,3.2301840E+17
1083.0000,0.60900000,3.2335022E+17
1084.0000,0.61400000,3.2368507E+17
1085.0000,0.61200000,3.2401914E+17
1086.0000,0.61600000,3.2435570E+17
1087.0000,0.59100000,3.2467890E+17
1088.0000,0.60700000,3.2501116E+17
1089.0000,0.60900000,3.2534482E+17
1090.0000,0.60400000,3.2567604E+17
1091.0000,0.60800000,3.2600976E+17
1092.0000,0.59700000,3.2633774E+17
1093.0000,0.59200000,3.2666328E+17
1094.0000,0.56100000,3.2697205E+17
1095.0000,0.58300000,3.2729322E+17
1096.0000,0.58600000,3.2761634E+17
1097.0000,0.59100000,3.2794251E+17
1098.0000,0.58700000,3.2826677E+17
1099.0000,0.58200000,3.2858856E+17
1100.0000,0.60000000,3.2892061E+17
1101.0000,0.59900000,3.2925241E+17
1102.0000,0.58200000,3.2957508E+17
1103.0000,0.59500000,3.2990525E+17
1104.0000,0.59300000,3.3023462E+17
1105.0000,0.59100000,3.3056317E+17
1106.0000,0.59000000,3.3089146E+17
1107.0000,0.58600000,3.3121783E+17
1108.0000,0.58700000,3.3154504E+17
1109.0000,0.58600000,3.3187199E+17
1110.0000,0.58700000,3.3219980E+17
1111.0000,0.58300000,3.3252566E+17
1112.0000,0.58300000,3.3285182E+17
1113.0000,0.57800000,3.3317547E+17
1114.0000,0.58400000,3.3350278E+17
1115.0000,0.58200000,3.3382926E+17
1116.0000,0.57500000,3.3415210E+17
1117.0000,0.58300000,3.3447972E+17
1118.0000,0.57200000,3.3480145E+17
1119.0000,0.57200000,3.3512347E+17
1120.0000,0.56900000,3.3544409E+17
1121.0000,0.57200000,3.3576668E+17
1122.0000,0.57500000,3.3609126E+17
1123.0000,0.57400000,3.3641555E+17
1124.0000,0.57300000,3.3673958E+17
1125.0000,0.57000000,3.3706219E+17
1126.0000,0.55300000,3.3737546E+17
1127.0000,0.56200000,3.3769411E+17
1128.0000,0.56800000,3.3801645E+17
1129.0000,0.56800000,3.3833907E+17
1130.0000,0.56400000,3.3865971E+17
1131.0000,0.56800000,3.3898291E+17
1132.0000,0.57000000,3.3930753E+17
1133.0000,0.56200000,3.3962787E+17
1134.0000,0.56300000,3.3994907E+17
1135.0000,0.56300000,3.4027056E+17
1136.0000,0.56500000,3.4059347E+17
1137.0000,0.55200000,3.4090923E+17
1138.0000,0.54400000,3.4122068E+17
1139.0000,0.55300000,3.4153757E+17
1140.0000,0.55600000,3.4185645E+17
1141.0000,0.54300000,3.4216816E+17
1142.0000,0.55500000,3.4248703E+17
1143.0000,0.55000000,3.4280330E+17
1144.0000,0.54500000,3.4311697E+17
1145.0000,0.55000000,3.4343380E+17
1146.0000,0.55400000,3.4375321E+17
1147.0000,0.55400000,3.4407290E+17
1148.0000,0.55000000,3.4439056E+17
1149.0000,0.54800000,3.4470734E+17
1150.0000,0.54600000,3.4502323E+17
1151.0000,0.54500000,3.4533883E+17
1152.0000,0.54200000,3.4565295E+17
1153.0000,0.54300000,3.4596794E+17
1154.0000,0.54700000,3.4628551E+17
1155.0000,0.54700000,3.4660336E+17
1156.0000,0.54000000,3.4691742E+17
1157.0000,0.54400000,3.4723407E+17
1158.0000,0.54300000,3.4755042E+17
1159.0000,0.53500000,3.4786238E+17
1160.0000,0.52900000,3.4817110E+17
1161.0000,0.51900000,3.4847425E+17
1162.0000,0.53300000,3.4878584E+17
1163.0000,0.53700000,3.4910004E+17
1164.0000,0.52700000,3.4940866E+17
1165.0000,0.53500000,3.4972223E+17
1166.0000,0.52200000,3.5002844E+17
1167.0000,0.53000000,3.5033961E+17
1168.0000,0.53400000,3.5065340E+17
1169.0000,0.51600000,3.5095688E+17
1170.0000,0.52900000,3.5126826E+17
1171.0000,0.53100000,3.5158109E+17
1172.0000,0.53100000,3.5189418E+17
1173.0000,0.52700000,3.5220519E+17
1174.0000,0.52800000,3.5251704E+17
1175.0000,0.51900000,3.5282385E+17
1176.0000,0.51000000,3.5312559E+17
1177.0000,0.52300000,3.5343528E+17
1178.0000,0.51700000,3.5374168E+17
1179.0000,0.51500000,3.5404716E+17
1180.0000,0.52200000,3.5435705E+17
1181.0000,0.51800000,3.5466482E+17
1182.0000,0.51700000,3.5497227E+17
1183.0000,0.48800000,3.5526271E+17
1184.0000,0.51100000,3.5556710E+17
1185.0000,0.51600000,3.5587472E+17
1186.0000,0.51500000,3.5618201E+17
1187.0000,0.51500000,3.5648956E+17
1188.0000,0.51000000,3.5679438E+17
1189.0000,0.48400000,3.5708390E+17
1190.0000,0.50600000,3.5738684E+17
1191.0000,0.51400000,3.5769482E+17
1192.0000,0.51200000,3.5800187E+17
1193.0000,0.51100000,3.5830857E+17
1194.0000,0.51100000,3.5861553E+17
1195.0000,0.50600000,3.5891974E+17
1196.0000,0.50600000,3.5922420E+17
1197.0000,0.50300000,3.5952711E+17
1198.0000,0.49200000,3.5982365E+17
1199.0000,0.47400000,3.6010957E+17
1200.0000,0.50000000,3.6041143E+17
1201.0000,0.50600000,3.6071717E+17
1202.0000,0.50700000,3.6102377E+17
1203.0000,0.48800000,3.6131912E+17
1204.0000,0.48700000,3.6161411E+17
1205.0000,0.50200000,3.6191844E+17
1206.0000,0.49900000,3.6222120E+17
1207.0000,0.50100000,3.6252543E+17
1208.0000,0.49000000,3.6282323E+17
1209.0000,0.46600000,3.6310667E+17
1210.0000,0.49200000,3.6340618E+17
1211.0000,0.47900000,3.6369801E+17
1212.0000,0.49100000,3.6399740E+17
1213.0000,0.49200000,3.6429765E+17
1214.0000,0.48900000,3.6459631E+17
1215.0000,0.49000000,3.6489584E+17
1216.0000,0.48900000,3.6519499E+17
1217.0000,0.48800000,3.6549378E+17
1218.0000,0.48600000,3.6579159E+17
1219.0000,0.48200000,3.6608719E+17
1220.0000,0.48400000,3.6638426E+17
1221.0000,0.48300000,3.6668096E+17
1222.0000,0.48100000,3.6697668E+17
1223.0000,0.47600000,3.6726955E+17
1224.0000,0.48200000,3.6756637E+17
1225.0000,0.47900000,3.6786157E+17
1226.0000,0.48000000,3.6815764E+17
1227.0000,0.46800000,3.6844654E+17
1228.0000,0.47400000,3.6873938E+17
1229.0000,0.47700000,3.6903431E+17
1230.0000,0.47500000,3.6932825E+17
1231.0000,0.47400000,3.6962181E+17
1232.0000,0.46900000,3.6991250E+17
1233.0000,0.47100000,3.7020467E+17
1234.0000,0.46900000,3.7049584E+17
1235.0000,0.46600000,3.7078538E+17
1236.0000,0.46900000,3.7107702E+17
1237.0000,0.46800000,3.7136827E+17
1238.0000,0.46700000,3.7165914E+17
1239.0000,0.46200000,3.7194712E+17
1240.0000,0.46000000,3.7223409E+17
1241.0000,0.46400000,3.7252379E+17
1242.0000,0.46200000,3.7281247E+17
1243.0000,0.45700000,3.7309826E+17
1244.0000,0.45500000,3.7338302E+17
1245.0000,0.45600000,3.7366864E+17
1246.0000,0.45900000,3.7395637E+17
1247.0000,0.45800000,3.7424371E+17
1248.0000,0.46100000,3.7453315E+17
1249.0000,0.46000000,3.7482220E+17
1250.0000,0.45900000,3.7511086E+17
1251.0000,0.45600000,3.7539786E+17
1252.0000,0.45200000,3.7568256E+17
1253.0000,0.45400000,3.7596876E+17
1254.0000,0.45400000,3.7625518E+17
1255.0000,0.45300000,3.7654120E+17
1256.0000,0.45200000,3.7682682E+17
1257.0000,0.44900000,3.7711076E+17
1258.0000,0.45100000,3.7739620E+17
1259.0000,0.44800000,3.7767997E+17
1260.0000,0.45000000,3.7796522E+17
1261.0000,0.44900000,3.7825007E+17
1262.0000,0.44300000,3.7853134E+17
1263.0000,0.44800000,3.7881601E+17
1264.0000,0.44200000,3.7909708E+17
1265.0000,0.44300000,3.7937902E+17
1266.0000,0.44600000,3.7966309E+17
1267.0000,0.43900000,3.7994292E+17
1268.0000,0.43600000,3.8022106E+17
1269.0000,0.44000000,3.8050197E+17
1270.0000,0.44200000,3.8078438E+17
1271.0000,0.44300000,3.8106765E+17
1272.0000,0.44100000,3.8134987E+17
1273.0000,0.44100000,3.8163230E+17
1274.0000,0.43800000,3.8191304E+17
1275.0000,0.44100000,3.8219592E+17
1276.0000,0.44200000,3.8247966E+17
1277.0000,0.44200000,3.8276363E+17
1278.0000,0.44100000,3.8304718E+17
1279.0000,0.43800000,3.8332902E+17
1280.0000,0.43500000,3.8360914E+17
1281.0000,0.42300000,3.8388175E+17
1282.0000,0.37600000,3.8412426E+17
1283.0000,0.41200000,3.8439020E+17
1284.0000,0.42700000,3.8466604E+17
1285.0000,0.42900000,3.8494338E+17
1286.0000,0.42900000,3.8522093E+17
1287.0000,0.43000000,3.8549936E+17
1288.0000,0.42700000,3.8577605E+17
1289.0000,0.42800000,3.8605361E+17
1290.0000,0.41900000,3.8632554E+17
1291.0000,0.42200000,3.8659963E+17
1292.0000,0.42300000,3.8687458E+17
1293.0000,0.42300000,3.8714974E+17
1294.0000,0.41600000,3.8742057E+17
1295.0000,0.41900000,3.8769355E+17
1296.0000,0.42000000,3.8796740E+17
1297.0000,0.41700000,3.8823950E+17
1298.0000,0.41300000,3.8850920E+17
1299.0000,0.41700000,3.8878172E+17
1300.0000,0.41500000,3.8905314E+17
1301.0000,0.41400000,3.8932412E+17
1302.0000,0.41000000,3.8959268E+17
1303.0000,0.40800000,3.8986015E+17
1304.0000,0.40600000,3.9012650E+17
1305.0000,0.41000000,3.9039568E+17
1306.0000,0.41000000,3.9066507E+17
1307.0000,0.41000000,3.9093467E+17
1308.0000,0.40900000,3.9120381E+17
1309.0000,0.40900000,3.9147316E+17
1310.0000,0.40700000,3.9174140E+17
1311.0000,0.40600000,3.9200919E+17
1312.0000,0.40300000,3.9227519E+17
1313.0000,0.39100000,3.9253348E+17
1314.0000,0.40300000,3.9279989E+17
1315.0000,0.39200000,3.9305923E+17
1316.0000,0.39400000,3.9332009E+17
1317.0000,0.40100000,3.9358578E+17
1318.0000,0.39500000,3.9384770E+17
1319.0000,0.40100000,3.9411380E+17
1320.0000,0.39900000,3.9437878E+17
1321.0000,0.39500000,3.9464129E+17
1322.0000,0.39500000,3.9490401E+17
1323.0000,0.39500000,3.9516692E+17
1324.0000,0.39500000,3.9543003E+17
1325.0000,0.39400000,3.9569267E+17
1326.0000,0.39200000,3.9595418E+17
1327.0000,0.38900000,3.9621388E+17
1328.0000,0.39100000,3.9647512E+17
1329.0000,0.38000000,3.9672919E+17
1330.0000,0.38500000,3.9698681E+17
1331.0000,0.38800000,3.9724662E+17
1332.0000,0.37900000,3.9750060E+17
1333.0000,0.38700000,3.9776013E+17
1334.0000,0.38700000,3.9801986E+17
1335.0000,0.38600000,3.9827912E+17
1336.0000,0.38200000,3.9853588E+17
1337.0000,0.38300000,3.9879350E+17
1338.0000,0.38100000,3.9904997E+17
1339.0000,0.37600000,3.9930326E+17
1340.0000,0.37400000,3.9955540E+17
1341.0000,0.38200000,3.9981311E+17
1342.0000,0.38000000,4.0006968E+17
1343.0000,0.38000000,4.0032643E+17
1344.0000,0.38000000,4.0058337E+17
1345.0000,0.38000000,4.0084051E+17
1346.0000,0.37600000,4.0109512E+17
1347.0000,0.37800000,4.0135129E+17
1348.0000,0.37700000,4.0160696E+17
1349.0000,0.37600000,4.0186214E+17
1350.0000,0.37100000,4.0211412E+17
1351.0000,0.37200000,4.0236697E+17
1352.0000,0.37500000,4.0262204E+17
1353.0000,0.37400000,4.0287662E+17
1354.0000,0.37300000,4.0313071E+17
1355.0000,0.36800000,4.0338157E+17
1356.0000,0.36900000,4.0363330E+17
1357.0000,0.36400000,4.0388181E+17
1358.0000,0.37000000,4.0413460E+17
1359.0000,0.36900000,4.0438689E+17
1360.0000,0.36500000,4.0463663E+17
1361.0000,0.37000000,4.0488997E+17
1362.0000,0.36900000,4.0514282E+17
1363.0000,0.36200000,4.0539105E+17
1364.0000,0.36700000,4.0564290E+17
1365.0000,0.36600000,4.0589424E+17
1366.0000,0.36600000,4.0614577E+17
1367.0000,0.36200000,4.0639473E+17
1368.0000,0.36600000,4.0664663E+17
1369.0000,0.35900000,4.0689389E+17
1370.0000,0.35900000,4.0714133E+17
1371.0000,0.35900000,4.0738895E+17
1372.0000,0.36300000,4.0763951E+17
1373.0000,0.36300000,4.0789026E+17
1374.0000,0.36300000,4.0814118E+17
1375.0000,0.35700000,4.0838814E+17
1376.0000,0.35400000,4.0863321E+17
1377.0000,0.35800000,4.0888122E+17
1378.0000,0.35700000,4.0912872E+17
1379.0000,0.36000000,4.0937848E+17
1380.0000,0.35700000,4.0962633E+17
1381.0000,0.35800000,4.0987507E+17
1382.0000,0.35300000,4.1012050E+17
1383.0000,0.35400000,4.1036681E+17
1384.0000,0.35600000,4.1061469E+17
1385.0000,0.35200000,4.1085996E+17
1386.0000,0.35500000,4.1110750E+17
1387.0000,0.35100000,4.1135243E+17
1388.0000,0.35300000,4.1159893E+17
1389.0000,0.35400000,4.1184631E+17
1390.0000,0.34700000,4.1208897E+17
1391.0000,0.35200000,4.1233530E+17
1392.0000,0.35200000,4.1258181E+17
1393.0000,0.35000000,4.1282710E+17
1394.0000,0.34800000,4.1307116E+17
1395.0000,0.34800000,4.1331540E+17
1396.0000,0.34900000,4.1356051E+17
1397.0000,0.34900000,4.1380580E+17
1398.0000,0.35000000,4.1405196E+17
1399.0000,0.34900000,4.1429760E+17
1400.0000,0.33900000,4.1453638E+17
1401.0000,0.33900000,4.1477532E+17
1402.0000,0.34400000,4.1501796E+17
1403.0000,0.34000000,4.1525795E+17
1404.0000,0.34100000,4.1549881E+17
1405.0000,0.34000000,4.1573914E+17
1406.0000,0.34200000,4.1598106E+17
1407.0000,0.34100000,4.1622244E+17
1408.0000,0.34000000,4.1646329E+17
1409.0000,0.34100000,4.1670501E+17
1410.0000,0.34000000,4.1694620E+17
1411.0000,0.33800000,4.1718613E+17
1412.0000,0.32900000,4.1741985E+17
1413.0000,0.33300000,4.1765657E+17
1414.0000,0.33700000,4.1789631E+17
1415.0000,0.33700000,4.1813621E+17
1416.0000,0.33500000,4.1837487E+17
1417.0000,0.33700000,4.1861511E+17
1418.0000,0.33800000,4.1885624E+17
1419.0000,0.33400000,4.1909468E+17
1420.0000,0.33300000,4.1933258E+17
1421.0000,0.33600000,4.1957279E+17
1422.0000,0.32900000,4.1980816E+17
1423.0000,0.32900000,4.2004369E+17
1424.0000,0.32800000,4.2027867E+17
1425.0000,0.33300000,4.2051741E+17
1426.0000,0.32300000,4.2074914E+17
1427.0000,0.32700000,4.2098390E+17
1428.0000,0.33000000,4.2122098E+17
1429.0000,0.32300000,4.2145319E+17
1430.0000,0.32300000,4.2168557E+17
1431.0000,0.32400000,4.2191883E+17
1432.0000,0.33100000,4.2215730E+17
1433.0000,0.33100000,4.2239593E+17
1434.0000,0.32500000,4.2263040E+17
1435.0000,0.32700000,4.2286647E+17
1436.0000,0.32700000,4.2310272E+17
1437.0000,0.32800000,4.2333985E+17
1438.0000,0.32600000,4.2357569E+17
1439.0000,0.32900000,4.2381388E+17
1440.0000,0.31300000,4.2404063E+17
1441.0000,0.31700000,4.2427045E+17
1442.0000,0.31600000,4.2449970E+17
1443.0000,0.31800000,4.2473056E+17
1444.0000,0.31900000,4.2496230E+17
1445.0000,0.31900000,4.2519421E+17
1446.0000,0.32100000,4.2542773E+17
1447.0000,0.31800000,4.2565923E+17
1448.0000,0.32100000,4.2589308E+17
1449.0000,0.32000000,4.2612636E+17
1450.0000,0.31800000,4.2635834E+17
1451.0000,0.31400000,4.2658756E+17
1452.0000,0.31400000,4.2681693E+17
1453.0000,0.31500000,4.2704720E+17
1454.0000,0.31300000,4.2727616E+17
1455.0000,0.31200000,4.2750455E+17
1456.0000,0.31000000,4.2773163E+17
1457.0000,0.31200000,4.2796033E+17
1458.0000,0.31600000,4.2819212E+17
1459.0000,0.31700000,4.2842481E+17
1460.0000,0.31400000,4.2865545E+17
1461.0000,0.31300000,4.2888551E+17
1462.0000,0.31000000,4.2911353E+17
1463.0000,0.30800000,4.2934023E+17
1464.0000,0.30800000,4.2956708E+17
1465.0000,0.31200000,4.2979704E+17
1466.0000,0.30700000,4.3002347E+17
1467.0000,0.31300000,4.3025448E+17
1468.0000,0.30800000,4.3048195E+17
1469.0000,0.31200000,4.3071253E+17
1470.0000,0.31000000,4.3094180E+17
1471.0000,0.30400000,4.3116678E+17
1472.0000,0.30600000,4.3139339E+17
1473.0000,0.30600000,4.3162016E+17
1474.0000,0.29700000,4.3184040E+17
1475.0000,0.30300000,4.3206525E+17
1476.0000,0.30400000,4.3229099E+17
1477.0000,0.30300000,4.3251615E+17
1478.0000,0.30200000,4.3274071E+17
1479.0000,0.30500000,4.3296765E+17
1480.0000,0.30600000,4.3319550E+17
1481.0000,0.30200000,4.3342052E+17
1482.0000,0.30500000,4.3364792E+17
1483.0000,0.29800000,4.3387026E+17
1484.0000,0.30200000,4.3409573E+17
1485.0000,0.30600000,4.3432435E+17
1486.0000,0.30200000,4.3455013E+17
1487.0000,0.30000000,4.3477456E+17
1488.0000,0.26500000,4.3497294E+17
1489.0000,0.29900000,4.3519693E+17
1490.0000,0.30100000,4.3542256E+17
1491.0000,0.30200000,4.3564910E+17
1492.0000,0.29800000,4.3587279E+17
1493.0000,0.30200000,4.3609963E+17
1494.0000,0.30200000,4.3632662E+17
1495.0000,0.30100000,4.3655301E+17
1496.0000,0.29100000,4.3677203E+17
1497.0000,0.29700000,4.3699571E+17
1498.0000,0.29900000,4.3722105E+17
1499.0000,0.29500000,4.3744353E+17
1500.0000,0.30100000,4.3767068E+17
1501.0000,0.30000000,4.3789722E+17
1502.0000,0.29700000,4.3812165E+17
1503.0000,0.26900000,4.3832506E+17
1504.0000,0.28300000,4.3853920E+17
1505.0000,0.27100000,4.3874439E+17
1506.0000,0.28400000,4.3895957E+17
1507.0000,0.29400000,4.3918247E+17
1508.0000,0.29000000,4.3940249E+17
1509.0000,0.28800000,4.3962113E+17
1510.0000,0.29400000,4.3984448E+17
1511.0000,0.29400000,4.4006797E+17
1512.0000,0.28800000,4.4028705E+17
1513.0000,0.28700000,4.4050551E+17
1514.0000,0.28500000,4.4072259E+17
1515.0000,0.28800000,4.4094211E+17
1516.0000,0.28700000,4.4116100E+17
1517.0000,0.28500000,4.4137851E+17
1518.0000,0.29000000,4.4159999E+17
1519.0000,0.28500000,4.4181779E+17
1520.0000,0.28800000,4.4203803E+17
1521.0000,0.28100000,4.4225305E+17
1522.0000,0.28000000,4.4246745E+17
1523.0000,0.28400000,4.4268506E+17
1524.0000,0.28500000,4.4290358E+17
1525.0000,0.27800000,4.4311687E+17
1526.0000,0.28600000,4.4333644E+17
1527.0000,0.28300000,4.4355385E+17
1528.0000,0.28500000,4.4377294E+17
1529.0000,0.28300000,4.4399063E+17
1530.0000,0.26700000,4.4419615E+17
1531.0000,0.28300000,4.4441413E+17
1532.0000,0.28300000,4.4463226E+17
1533.0000,0.28000000,4.4484821E+17
1534.0000,0.27500000,4.4506044E+17
1535.0000,0.27800000,4.4527513E+17
1536.0000,0.28100000,4.4549228E+17
1537.0000,0.28100000,4.4570956E+17
1538.0000,0.27300000,4.4592080E+17
1539.0000,0.27800000,4.4613605E+17
1540.0000,0.26900000,4.4634446E+17
1541.0000,0.27300000,4.4655611E+17
1542.0000,0.27500000,4.4676945E+17
1543.0000,0.27500000,4.4698293E+17
1544.0000,0.27700000,4.4719810E+17
1545.0000,0.27800000,4.4741419E+17
1546.0000,0.27700000,4.4762964E+17
1547.0000,0.27400000,4.4784289E+17
1548.0000,0.26700000,4.4805083E+17
1549.0000,0.27300000,4.4826358E+17
1550.0000,0.27000000,4.4847413E+17
1551.0000,0.27100000,4.4868559E+17
1552.0000,0.27400000,4.4889953E+17
1553.0000,0.27100000,4.4911127E+17
1554.0000,0.26500000,4.4931845E+17
1555.0000,0.26700000,4.4952733E+17
1556.0000,0.26300000,4.4973322E+17
1557.0000,0.27000000,4.4994471E+17
1558.0000,0.26800000,4.5015478E+17
1559.0000,0.26800000,4.5036498E+17
1560.0000,0.26500000,4.5057296E+17
1561.0000,0.27000000,4.5078501E+17
1562.0000,0.26800000,4.5099561E+17
1563.0000,0.26700000,4.5120557E+17
1564.0000,0.26300000,4.5141251E+17
1565.0000,0.26700000,4.5162273E+17
1566.0000,0.26300000,4.5182994E+17
1567.0000,0.26400000,4.5203806E+17
1568.0000,0.26000000,4.5224317E+17
1569.0000,0.26300000,4.5245077E+17
1570.0000,0.26100000,4.5265693E+17
1571.0000,0.26700000,4.5286795E+17
1572.0000,0.26700000,4.5307912E+17
1573.0000,0.26300000,4.5328725E+17
1574.0000,0.26200000,4.5349472E+17
1575.0000,0.24700000,4.5369044E+17
1576.0000,0.26000000,4.5389659E+17
1577.0000,0.23700000,4.5408463E+17
1578.0000,0.25700000,4.5428866E+17
1579.0000,0.26200000,4.5449679E+17
1580.0000,0.26400000,4.5470664E+17
1581.0000,0.26500000,4.5491742E+17
1582.0000,0.25400000,4.5511958E+17
1583.0000,0.25800000,4.5532506E+17
1584.0000,0.25400000,4.5552747E+17
1585.0000,0.26200000,4.5573639E+17
1586.0000,0.25800000,4.5594226E+17
1587.0000,0.25500000,4.5614585E+17
1588.0000,0.25000000,4.5634558E+17
1589.0000,0.23200000,4.5653105E+17
1590.0000,0.24200000,4.5672464E+17
1591.0000,0.24100000,4.5691754E+17
1592.0000,0.25300000,4.5712018E+17
1593.0000,0.25800000,4.5732695E+17
1594.0000,0.25600000,4.5753224E+17
1595.0000,0.25800000,4.5773928E+17
1596.0000,0.24500000,4.5793600E+17
1597.0000,0.24900000,4.5813606E+17
1598.0000,0.25600000,4.5834187E+17
1599.0000,0.25000000,4.5854298E+17
1600.0000,0.25300000,4.5874664E+17
1601.0000,0.24500000,4.5894398E+17
1602.0000,0.24900000,4.5914466E+17
1603.0000,0.24900000,4.5934548E+17
1604.0000,0.25000000,4.5954722E+17
1605.0000,0.24700000,4.5974667E+17
1606.0000,0.24700000,4.5994624E+17
1607.0000,0.24500000,4.6014431E+17
1608.0000,0.25000000,4.6034656E+17
1609.0000,0.24900000,4.6054812E+17
1610.0000,0.23300000,4.6073685E+17
1611.0000,0.24100000,4.6093218E+17
1612.0000,0.24100000,4.6112763E+17
1613.0000,0.24600000,4.6132726E+17
1614.0000,0.24400000,4.6152539E+17
1615.0000,0.24400000,4.6172364E+17
1616.0000,0.23200000,4.6191226E+17
1617.0000,0.23600000,4.6210425E+17
1618.0000,0.24400000,4.6230287E+17
1619.0000,0.24200000,4.6249998E+17
1620.0000,0.23400000,4.6269070E+17
1621.0000,0.23400000,4.6288153E+17
1622.0000,0.23700000,4.6307493E+17
1623.0000,0.24200000,4.6327253E+17
1624.0000,0.24200000,4.6347025E+17
1625.0000,0.23700000,4.6366401E+17
1626.0000,0.24000000,4.6386034E+17
1627.0000,0.24000000,4.6405679E+17
1628.0000,0.24100000,4.6425418E+17
1629.0000,0.24100000,4.6445169E+17
1630.0000,0.23700000,4.6464605E+17
1631.0000,0.23900000,4.6484216E+17
1632.0000,0.23900000,4.6503839E+17
1633.0000,0.23600000,4.6523228E+17
1634.0000,0.23300000,4.6542382E+17
1635.0000,0.23700000,4.6561877E+17
1636.0000,0.23700000,4.6581384E+17
1637.0000,0.22700000,4.6600079E+17
1638.0000,0.22700000,4.6618786E+17
1639.0000,0.22200000,4.6637092E+17
1640.0000,0.22600000,4.6655738E+17
1641.0000,0.22400000,4.6674232E+17
1642.0000,0.22400000,4.6692736E+17
1643.0000,0.22900000,4.6711665E+17
1644.0000,0.22600000,4.6730358E+17
1645.0000,0.22500000,4.6748979E+17
1646.0000,0.22900000,4.6767942E+17
1647.0000,0.22900000,4.6786917E+17
1648.0000,0.22900000,4.6805904E+17
1649.0000,0.22400000,4.6824487E+17
1650.0000,0.22800000,4.6843414E+17
1651.0000,0.22400000,4.6862020E+17
1652.0000,0.22800000,4.6880969E+17
1653.0000,0.22500000,4.6899681E+17
1654.0000,0.22700000,4.6918570E+17
1655.0000,0.22400000,4.6937221E+17
1656.0000,0.22600000,4.6956050E+17
1657.0000,0.22600000,4.6974890E+17
1658.0000,0.22500000,4.6993658E+17
1659.0000,0.22200000,4.7012187E+17
1660.0000,0.22400000,4.7030895E+17
1661.0000,0.22500000,4.7049697E+17
1662.0000,0.22400000,4.7068427E+17
1663.0000,0.22300000,4.7087084E+17
1664.0000,0.22300000,4.7105753E+17
1665.0000,0.22100000,4.7124265E+17
1666.0000,0.21900000,4.7142621E+17
1667.0000,0.22000000,4.7161072E+17
1668.0000,0.21600000,4.7179198E+17
1669.0000,0.21800000,4.7197503E+17
1670.0000,0.22200000,4.7216155E+17
1671.0000,0.22100000,4.7234734E+17
1672.0000,0.21200000,4.7252567E+17
1673.0000,0.21600000,4.7270747E+17
1674.0000,0.21900000,4.7289191E+17
1675.0000,0.21600000,4.7307393E+17
1676.0000,0.21300000,4.7325353E+17
1677.0000,0.21500000,4.7343493E+17
1678.0000,0.21600000,4.7361728E+17
1679.0000,0.21300000,4.7379720E+17
1680.0000,0.20600000,4.7397131E+17
1681.0000,0.19800000,4.7413876E+17
1682.0000,0.20300000,4.7431055E+17
1683.0000,0.20900000,4.7448751E+17
1684.0000,0.21200000,4.7466712E+17
1685.0000,0.21300000,4.7484769E+17
1686.0000,0.21000000,4.7502581E+17
1687.0000,0.21100000,4.7520490E+17
1688.0000,0.21100000,4.7538408E+17
1689.0000,0.20800000,4.7556083E+17
1690.0000,0.20800000,4.7573768E+17
1691.0000,0.21200000,4.7591804E+17
1692.0000,0.21200000,4.7609850E+17
1693.0000,0.21100000,4.7627822E+17
1694.0000,0.21100000,4.7645805E+17
1695.0000,0.21100000,4.7663798E+17
1696.0000,0.21000000,4.7681716E+17
1697.0000,0.20900000,4.7699560E+17
1698.0000,0.20900000,4.7717414E+17
1699.0000,0.20800000,4.7735193E+17
1700.0000,0.20500000,4.7761493E+17
1702.0000,0.20500000,4.7805377E+17
1705.0000,0.20400000,4.7875372E+17
1710.0000,0.19900000,4.7960972E+17
1715.0000,0.20200000,4.8048117E+17
1720.0000,0.19800000,4.8133785E+17
1725.0000,0.19700000,4.8219268E+17
1730.0000,0.19300000,4.8303258E+17
1735.0000,0.18200000,4.8382690E+17
1740.0000,0.19000000,4.8465853E+17
1745.0000,0.18600000,4.8547498E+17
1750.0000,0.18500000,4.8628938E+17
1755.0000,0.18500000,4.8710610E+17
1760.0000,0.18200000,4.8791186E+17
1765.0000,0.18100000,4.8871548E+17
1770.0000,0.18000000,4.8951692E+17
1775.0000,0.17600000,4.9030276E+17
1780.0000,0.17600000,4.9109082E+17
1785.0000,0.17400000,4.9187211E+17
1790.0000,0.17400000,4.9265559E+17
1795.0000,0.17100000,4.9342771E+17
1800.0000,0.16800000,4.9418840E+17
1805.0000,0.16900000,4.9495574E+17
1810.0000,0.16900000,4.9572521E+17
1815.0000,0.15500000,4.9643288E+17
1820.0000,0.16000000,4.9716539E+17
1825.0000,0.16300000,4.9791369E+17
1830.0000,0.15900000,4.9864563E+17
1835.0000,0.15800000,4.9937495E+17
1840.0000,0.15600000,5.0009700E+17
1845.0000,0.15300000,5.0080709E+17
1850.0000,0.15300000,5.0151910E+17
1855.0000,0.15100000,5.0222371E+17
1860.0000,0.14900000,5.0292085E+17
1865.0000,0.14700000,5.0361049E+17
1870.0000,0.14600000,5.0429727E+17
1875.0000,0.13200000,5.0491986E+17
1880.0000,0.14700000,5.0561504E+17
1885.0000,0.14600000,5.0630734E+17
1890.0000,0.14000000,5.0697294E+17
1895.0000,0.13800000,5.0763077E+17
1900.0000,0.14000000,5.0829989E+17
1905.0000,0.13900000,5.0896598E+17
1910.0000,0.13700000,5.0962421E+17
1915.0000,0.13600000,5.1027935E+17
1920.0000,0.13500000,5.1093137E+17
1925.0000,0.13400000,5.1158024E+17
1930.0000,0.13100000,5.1221624E+17
1935.0000,0.13200000,5.1285875E+17
1940.0000,0.13000000,5.1349316E+17
1945.0000,0.12000000,5.1408028E+17
1950.0000,0.12600000,5.1469834E+17
1955.0000,0.12800000,5.1532782E+17
1960.0000,0.12600000,5.1594904E+17
1965.0000,0.12300000,5.1655703E+17
1970.0000,0.12400000,5.1717152E+17
1975.0000,0.12200000,5.1777763E+17
1980.0000,0.12000000,5.1837531E+17
1985.0000,0.11900000,5.1896951E+17
1990.0000,0.12000000,5.1957021E+17
1995.0000,0.11700000,5.2015737E+17
2000.0000,0.11700000,5.2074600E+17
2005.0000,0.11500000,5.2132601E+17
2010.0000,0.11500000,5.2190747E+17
2015.0000,0.11400000,5.2248530E+17
2020.0000,0.11200000,5.2305441E+17
2025.0000,0.11200000,5.2362493E+17
2030.0000,0.11000000,5.2418664E+17
2035.0000,0.10900000,5.2474461E+17
2040.0000,0.10700000,5.2529370E+17
2045.0000,0.10800000,5.2584927E+17
2050.0000,0.10600000,5.2639589E+17
2055.0000,0.10500000,5.2693867E+17
2060.0000,0.10300000,5.2747241E+17
2065.0000,0.10200000,5.2800225E+17
2070.0000,0.10100000,5.2852817E+17
2075.0000,0.10100000,5.2905536E+17
2080.0000,9.9300000E-2,5.2957492E+17
2085.0000,9.8300000E-2,5.3009048E+17
2090.0000,9.7500000E-2,5.3060308E+17
2095.0000,9.6000000E-2,5.3110900E+17
2100.0000,9.6200000E-2,5.3161718E+17
2105.0000,9.5800000E-2,5.3212445E+17
2110.0000,9.4600000E-2,5.3262656E+17
2115.0000,9.3900000E-2,5.3312614E+17
2120.0000,9.3100000E-2,5.3362263E+17
2125.0000,9.2200000E-2,5.3411548E+17
2130.0000,9.2400000E-2,5.3461056E+17
2135.0000,9.1100000E-2,5.3509982E+17
2140.0000,9.1100000E-2,5.3559023E+17
2145.0000,8.9900000E-2,5.3607531E+17
2150.0000,8.9700000E-2,5.3656044E+17
2155.0000,8.8900000E-2,5.3704235E+17
2160.0000,8.7900000E-2,5.3751996E+17
2165.0000,8.2000000E-2,5.3796653E+17
2170.0000,8.5400000E-2,5.3843270E+17
2175.0000,8.5800000E-2,5.3890213E+17
2180.0000,8.4600000E-2,5.3936606E+17
2185.0000,8.4700000E-2,5.3983161E+17
2190.0000,8.3100000E-2,5.4028940E+17
2195.0000,8.3500000E-2,5.4075045E+17
2200.0000,8.2800000E-2,5.4120867E+17
2205.0000,8.0900000E-2,5.4165740E+17
2210.0000,8.0800000E-2,5.4210659E+17
2215.0000,8.0400000E-2,5.4255456E+17
2220.0000,8.0000000E-2,5.4300132E+17
2225.0000,7.8800000E-2,5.4344236E+17
2230.0000,7.8400000E-2,5.4388215E+17
2235.0000,7.7900000E-2,5.4432011E+17
2240.0000,7.6500000E-2,5.4475117E+17
2245.0000,7.6300000E-2,5.4518206E+17
2250.0000,7.5400000E-2,5.4560882E+17
2255.0000,7.4300000E-2,5.4603028E+17
2260.0000,7.4100000E-2,5.4645154E+17
2265.0000,7.3300000E-2,5.4686918E+17
2270.0000,7.3100000E-2,5.4728659E+17
2275.0000,7.2600000E-2,5.4770206E+17
2280.0000,7.1400000E-2,5.4811157E+17
2285.0000,7.1400000E-2,5.4852197E+17
2290.0000,7.1200000E-2,5.4893212E+17
2295.0000,6.9300000E-2,5.4933219E+17
2300.0000,6.9600000E-2,5.4973487E+17
2305.0000,6.9400000E-2,5.5013727E+17
2310.0000,6.8900000E-2,5.5053764E+17
2315.0000,6.8200000E-2,5.5093479E+17
2320.0000,6.7600000E-2,5.5132930E+17
2325.0000,6.5600000E-2,5.5171297E+17
2330.0000,6.6200000E-2,5.5210097E+17
2335.0000,6.5700000E-2,5.5248687E+17
2340.0000,6.5200000E-2,5.5287066E+17
2345.0000,6.5100000E-2,5.5325468E+17
2350.0000,6.4300000E-2,5.5363478E+17
2355.0000,6.2600000E-2,5.5400562E+17
2360.0000,6.3100000E-2,5.5438022E+17
2365.0000,6.3000000E-2,5.5475502E+17
2370.0000,6.2400000E-2,5.5512703E+17
2375.0000,6.1400000E-2,5.5549386E+17
2380.0000,6.1800000E-2,5.5586385E+17
2385.0000,5.9100000E-2,5.5621841E+17
2390.0000,6.0400000E-2,5.5658154E+17
2395.0000,6.0100000E-2,5.5694362E+17
2400.0000,5.9700000E-2,5.5730404E+17
2405.0000,5.9400000E-2,5.5766340E+17
2410.0000,5.9200000E-2,5.5802229E+17
2415.0000,5.7000000E-2,5.5836856E+17
2420.0000,5.7800000E-2,5.5872042E+17
2425.0000,5.7300000E-2,5.5906996E+17
2430.0000,5.7200000E-2,5.5941960E+17
2435.0000,5.6500000E-2,5.5976568E+17
2440.0000,5.6300000E-2,5.6011124E+17
2445.0000,5.5600000E-2,5.6045320E+17
2450.0000,5.4600000E-2,5.6078970E+17
2455.0000,5.4200000E-2,5.6112442E+17
2460.0000,5.4500000E-2,5.6146167E+17
2465.0000,5.4300000E-2,5.6179837E+17
2470.0000,5.3400000E-2,5.6213016E+17
2475.0000,5.3400000E-2,5.6246262E+17
2480.0000,5.2100000E-2,5.6278764E+17
2485.0000,5.1800000E-2,5.6311145E+17
2490.0000,5.2200000E-2,5.6343841E+17
2495.0000,4.8900000E-2,5.6374531E+17
2500.0000,5.1400000E-2,5.6406855E+17
2505.0000,5.0800000E-2,5.6438866E+17
2510.0000,4.9600000E-2,5.6470183E+17
2515.0000,4.8800000E-2,5.6501056E+17
2520.0000,4.8100000E-2,5.6531547E+17
2525.0000,4.7700000E-2,5.6561845E+17
2530.0000,4.7700000E-2,5.6592202E+17
2535.0000,4.7100000E-2,5.6622237E+17
2540.0000,4.6800000E-2,5.6652139E+17
2545.0000,4.6600000E-2,5.6681972E+17
2550.0000,4.6300000E-2,5.6711671E+17
2555.0000,4.5900000E-2,5.6741172E+17
2560.0000,4.5400000E-2,5.6770408E+17
2565.0000,4.5200000E-2,5.6799572E+17
2570.0000,4.4900000E-2,5.6828599E+17
2575.0000,4.4500000E-2,5.6857424E+17
2580.0000,4.4100000E-2,5.6886045E+17
2585.0000,4.3300000E-2,5.6914201E+17
2590.0000,4.3400000E-2,5.6942477E+17
2595.0000,4.3000000E-2,5.6970546E+17
2600.0000,4.2900000E-2,5.6998604E+17
2605.0000,4.2800000E-2,5.7026650E+17
2610.0000,4.2500000E-2,5.7054554E+17
2615.0000,4.2300000E-2,5.7082379E+17
2620.0000,4.1900000E-2,5.7109993E+17
2625.0000,4.0600000E-2,5.7136802E+17
2630.0000,4.1200000E-2,5.7164059E+17
2635.0000,4.1000000E-2,5.7191236E+17
2640.0000,4.0200000E-2,5.7217932E+17
2645.0000,4.0200000E-2,5.7244679E+17
2650.0000,4.0000000E-2,5.7271343E+17
2655.0000,3.9600000E-2,5.7297791E+17
2660.0000,3.9500000E-2,5.7324221E+17
2665.0000,3.9000000E-2,5.7350366E+17
2670.0000,3.9100000E-2,5.7376627E+17
2675.0000,3.8600000E-2,5.7402601E+17
2680.0000,3.8400000E-2,5.7428489E+17
2685.0000,3.8200000E-2,5.7454289E+17
2690.0000,3.7800000E-2,5.7479868E+17
2695.0000,3.7500000E-2,5.7505290E+17
2700.0000,3.7100000E-2,5.7530488E+17
2705.0000,3.6900000E-2,5.7555596E+17
2710.0000,3.6700000E-2,5.7580615E+17
2715.0000,3.6600000E-2,5.7605611E+17
2720.0000,3.6400000E-2,5.7630516E+17
2725.0000,3.6100000E-2,5.7655262E+17
2730.0000,3.6000000E-2,5.7679984E+17
2735.0000,3.5700000E-2,5.7704546E+17
2740.0000,3.5500000E-2,5.7729014E+17
2745.0000,3.5400000E-2,5.7753458E+17
2750.0000,3.5200000E-2,5.7777808E+17
2755.0000,3.4900000E-2,5.7801994E+17
2760.0000,3.4600000E-2,5.7826016E+17
2765.0000,3.4400000E-2,5.7849943E+17
2770.0000,3.4300000E-2,5.7873843E+17
2775.0000,3.3900000E-2,5.7897507E+17
2780.0000,3.3600000E-2,5.7921004E+17
2785.0000,3.3400000E-2,5.7944403E+17
2790.0000,3.3200000E-2,5.7967703E+17
2795.0000,3.2900000E-2,5.7990835E+17
2800.0000,3.2800000E-2,5.8013937E+17
2805.0000,3.2500000E-2,5.8036869E+17
2810.0000,3.2400000E-2,5.8059771E+17
2815.0000,3.2300000E-2,5.8082643E+17
2820.0000,3.2100000E-2,5.8105414E+17
2825.0000,3.1800000E-2,5.8128012E+17
2830.0000,3.1700000E-2,5.8150579E+17
2835.0000,3.1500000E-2,5.8173043E+17
2840.0000,3.1200000E-2,5.8195332E+17
2845.0000,3.1000000E-2,5.8217518E+17
2850.0000,3.0700000E-2,5.8239527E+17
2855.0000,3.0400000E-2,5.8261360E+17
2860.0000,3.0200000E-2,5.8283087E+17
2865.0000,3.0000000E-2,5.8304707E+17
2870.0000,2.9600000E-2,5.8326077E+17
2875.0000,2.9400000E-2,5.8347339E+17
2880.0000,2.9400000E-2,5.8368639E+17
2885.0000,2.9200000E-2,5.8389830E+17
2890.0000,2.9100000E-2,5.8410985E+17
2895.0000,2.9000000E-2,5.8432104E+17
2900.0000,2.8800000E-2,5.8453113E+17
2905.0000,2.8700000E-2,5.8474086E+17
2910.0000,2.8500000E-2,5.8494948E+17
2915.0000,2.8200000E-2,5.8515626E+17
2920.0000,2.8000000E-2,5.8536193E+17
2925.0000,2.7800000E-2,5.8556648E+17
2930.0000,2.7600000E-2,5.8576990E+17
2935.0000,2.7300000E-2,5.8597146E+17
2940.0000,2.7100000E-2,5.8617188E+17
2945.0000,2.6800000E-2,5.8637042E+17
2950.0000,2.6700000E-2,5.8656855E+17
2955.0000,2.6600000E-2,5.8676628E+17
2960.0000,2.6400000E-2,5.8696285E+17
2965.0000,2.6300000E-2,5.8715901E+17
2970.0000,2.6100000E-2,5.8735400E+17
2975.0000,2.6000000E-2,5.8754857E+17
2980.0000,2.5800000E-2,5.8774198E+17
2985.0000,2.5700000E-2,5.8793495E+17
2990.0000,2.5500000E-2,5.8812675E+17
2995.0000,2.5400000E-2,5.8831811E+17
3000.0000,2.5300000E-2,5.8850904E+17
3005.0000,2.5100000E-2,5.8869877E+17
3010.0000,2.5000000E-2,5.8888806E+17
3015.0000,2.4900000E-2,5.8907691E+17
3020.0000,2.4700000E-2,5.8926455E+17
3025.0000,2.4500000E-2,5.8945098E+17
3030.0000,2.4400000E-2,5.8963696E+17
3035.0000,2.4200000E-2,5.8982171E+17
3040.0000,2.3900000E-2,5.9000448E+17
3045.0000,2.4000000E-2,5.9018831E+17
3050.0000,2.4000000E-2,5.9037245E+17
3055.0000,2.3900000E-2,5.9055611E+17
3060.0000,2.3800000E-2,5.9073931E+17
3065.0000,2.3500000E-2,5.9092050E+17
3070.0000,2.3400000E-2,5.9110121E+17
3075.0000,2.3400000E-2,5.9128221E+17
3080.0000,2.3200000E-2,5.9146196E+17
3085.0000,2.3000000E-2,5.9164045E+17
3090.0000,2.2800000E-2,5.9181767E+17
3095.0000,2.2600000E-2,5.9199362E+17
3100.0000,2.2400000E-2,5.9216830E+17
3105.0000,2.2300000E-2,5.9234247E+17
3110.0000,2.2100000E-2,5.9251537E+17
3115.0000,2.1800000E-2,5.9268619E+17
3120.0000,2.1700000E-2,5.9285650E+17
3125.0000,2.1600000E-2,5.9302629E+17
3130.0000,2.1500000E-2,5.9319557E+17
3135.0000,2.1400000E-2,5.9336434E+17
3140.0000,2.1200000E-2,5.9353179E+17
3145.0000,2.1100000E-2,5.9369872E+17
3150.0000,2.0900000E-2,5.9386432E+17
3155.0000,2.0800000E-2,5.9402940E+17
3160.0000,2.0700000E-2,5.9419395E+17
3165.0000,2.0700000E-2,5.9435875E+17
3170.0000,2.0500000E-2,5.9452222E+17
3175.0000,2.0500000E-2,5.9468595E+17
3180.0000,2.0300000E-2,5.9484833E+17
3185.0000,2.0200000E-2,5.9501017E+17
3190.0000,2.0200000E-2,5.9517227E+17
3195.0000,2.0100000E-2,5.9533381E+17
3200.0000,1.9900000E-2,5.9549400E+17
3205.0000,1.9900000E-2,5.9565444E+17
3210.0000,1.9800000E-2,5.9581432E+17
3215.0000,1.9600000E-2,5.9597283E+17
3220.0000,1.9500000E-2,5.9613078E+17
3225.0000,1.9400000E-2,5.9628816E+17
3230.0000,1.9400000E-2,5.9644579E+17
3235.0000,1.9300000E-2,5.9660284E+17
3240.0000,1.9200000E-2,5.9675933E+17
3245.0000,1.9100000E-2,5.9691524E+17
3250.0000,1.9100000E-2,5.9707139E+17
3255.0000,1.8900000E-2,5.9722614E+17
3260.0000,1.8800000E-2,5.9738031E+17
3265.0000,1.8700000E-2,5.9753389E+17
3270.0000,1.8600000E-2,5.9768689E+17
3275.0000,1.8500000E-2,5.9783930E+17
3280.0000,1.8400000E-2,5.9799112E+17
3285.0000,1.8300000E-2,5.9814234E+17
3290.0000,1.8300000E-2,5.9829379E+17
3295.0000,1.8000000E-2,5.9844298E+17
3300.0000,1.7900000E-2,5.9859157E+17
3305.0000,1.7900000E-2,5.9874039E+17
3310.0000,1.7700000E-2,5.9888776E+17
3315.0000,1.7600000E-2,5.9903453E+17
3320.0000,1.7300000E-2,5.9917901E+17
3325.0000,1.7300000E-2,5.9932371E+17
3330.0000,1.7100000E-2,5.9946695E+17
3335.0000,1.7000000E-2,5.9960956E+17
3340.0000,1.6900000E-2,5.9975155E+17
3345.0000,1.6800000E-2,5.9989292E+17
3350.0000,1.6600000E-2,6.0003280E+17
3355.0000,1.6500000E-2,6.0017205E+17
3360.0000,1.6400000E-2,6.0031067E+17
3365.0000,1.6300000E-2,6.0044864E+17
3370.0000,1.6200000E-2,6.0058597E+17
3375.0000,1.6100000E-2,6.0072266E+17
3380.0000,1.6000000E-2,6.0085870E+17
3385.0000,1.6000000E-2,6.0099494E+17
3390.0000,1.5900000E-2,6.0113053E+17
3395.0000,1.5800000E-2,6.0126546E+17
3400.0000,1.5600000E-2,6.0139888E+17
3405.0000,1.5700000E-2,6.0153336E+17
3410.0000,1.5500000E-2,6.0166632E+17
3415.0000,1.5500000E-2,6.0179947E+17
3420.0000,1.5400000E-2,6.0193195E+17
3425.0000,1.5300000E-2,6.0206377E+17
3430.0000,1.5200000E-2,6.0219492E+17
3435.0000,1.5200000E-2,6.0232626E+17
3440.0000,1.5100000E-2,6.0245693E+17
3445.0000,1.5000000E-2,6.0258691E+17
3450.0000,1.4900000E-2,6.0271622E+17
3455.0000,1.4900000E-2,6.0284572E+17
3460.0000,1.4800000E-2,6.0297453E+17
3465.0000,1.4800000E-2,6.0310353E+17
3470.0000,1.4700000E-2,6.0323185E+17
3475.0000,1.4600000E-2,6.0335947E+17
3480.0000,1.4500000E-2,6.0348640E+17
3485.0000,1.4500000E-2,6.0361352E+17
3490.0000,1.4400000E-2,6.0373994E+17
3495.0000,1.4300000E-2,6.0386566E+17
3500.0000,1.4200000E-2,6.0399068E+17
3505.0000,1.4200000E-2,6.0411588E+17
3510.0000,1.4100000E-2,6.0424037E+17
3515.0000,1.4000000E-2,6.0436416E+17
3520.0000,1.3900000E-2,6.0448724E+17
3525.0000,1.3900000E-2,6.0461049E+17
3530.0000,1.3800000E-2,6.0473303E+17
3535.0000,1.3800000E-2,6.0485575E+17
3540.0000,1.3700000E-2,6.0497774E+17
3545.0000,1.3700000E-2,6.0509991E+17
3550.0000,1.3600000E-2,6.0522136E+17
3555.0000,1.3500000E-2,6.0534209E+17
3560.0000,1.3400000E-2,6.0546209E+17
3565.0000,1.3400000E-2,6.0558225E+17
3570.0000,1.3300000E-2,6.0570169E+17
3575.0000,1.3200000E-2,6.0582040E+17
3580.0000,1.3100000E-2,6.0593837E+17
3585.0000,1.3100000E-2,6.0605651E+17
3590.0000,1.3000000E-2,6.0617391E+17
3595.0000,1.2900000E-2,6.0629056E+17
3600.0000,1.2900000E-2,6.0640738E+17
3605.0000,1.2800000E-2,6.0652346E+17
3610.0000,1.2700000E-2,6.0663879E+17
3615.0000,1.2700000E-2,6.0675428E+17
3620.0000,1.2600000E-2,6.0686901E+17
3625.0000,1.2600000E-2,6.0698391E+17
3630.0000,1.2500000E-2,6.0709805E+17
3635.0000,1.2500000E-2,6.0721235E+17
3640.0000,1.2400000E-2,6.0732589E+17
3645.0000,1.2400000E-2,6.0743958E+17
3650.0000,1.2300000E-2,6.0755252E+17
3655.0000,1.2200000E-2,6.0766469E+17
3660.0000,1.2200000E-2,6.0777701E+17
3665.0000,1.2200000E-2,6.0788948E+17
3670.0000,1.2000000E-2,6.0800027E+17
3675.0000,1.2000000E-2,6.0811120E+17
3680.0000,1.1900000E-2,6.0822136E+17
3685.0000,1.1800000E-2,6.0833074E+17
3690.0000,1.1800000E-2,6.0844027E+17
3695.0000,1.1700000E-2,6.0854902E+17
3700.0000,1.1600000E-2,6.0865698E+17
3705.0000,1.1600000E-2,6.0876510E+17
3710.0000,1.1500000E-2,6.0887242E+17
3715.0000,1.1500000E-2,6.0897989E+17
3720.0000,1.1400000E-2,6.0908657E+17
3725.0000,1.1400000E-2,6.0919339E+17
3730.0000,1.1300000E-2,6.0929941E+17
3735.0000,1.1300000E-2,6.0940558E+17
3740.0000,1.1100000E-2,6.0951001E+17
3745.0000,1.1100000E-2,6.0961458E+17
3750.0000,1.1000000E-2,6.0971834E+17
3755.0000,1.1000000E-2,6.0982225E+17
3760.0000,1.0900000E-2,6.0992534E+17
3765.0000,1.0900000E-2,6.1002857E+17
3770.0000,1.0900000E-2,6.1013194E+17
3775.0000,1.0800000E-2,6.1023450E+17
3780.0000,1.0700000E-2,6.1033624E+17
3785.0000,1.0700000E-2,6.1043812E+17
3790.0000,1.0600000E-2,6.1053918E+17
3795.0000,1.0600000E-2,6.1064037E+17
3800.0000,1.0500000E-2,6.1074074E+17
3805.0000,1.0500000E-2,6.1084124E+17
3810.0000,1.0400000E-2,6.1094091E+17
3815.0000,1.0400000E-2,6.1104072E+17
3820.0000,1.0300000E-2,6.1113969E+17
3825.0000,1.0300000E-2,6.1123880E+17
3830.0000,1.0300000E-2,6.1133803E+17
3835.0000,1.0200000E-2,6.1143643E+17
3840.0000,1.0200000E-2,6.1153496E+17
3845.0000,1.0100000E-2,6.1163264E+17
3850.0000,1.0100000E-2,6.1173046E+17
3855.0000,1.0000000E-2,6.1182743E+17
3860.0000,9.9400000E-3,6.1192395E+17
3865.0000,9.9100000E-3,6.1202030E+17
3870.0000,9.8300000E-3,6.1211599E+17
3875.0000,9.8300000E-3,6.1221181E+17
3880.0000,9.7500000E-3,6.1230697E+17
3885.0000,9.7000000E-3,6.1240177E+17
3890.0000,9.7100000E-3,6.1249678E+17
3895.0000,9.6200000E-3,6.1259104E+17
3900.0000,9.6000000E-3,6.1268522E+17
3905.0000,9.5900000E-3,6.1277942E+17
3910.0000,9.5200000E-3,6.1287306E+17
3915.0000,9.5000000E-3,6.1296661E+17
3920.0000,9.4100000E-3,6.1305940E+17
3925.0000,9.4000000E-3,6.1315221E+17
3930.0000,9.3200000E-3,6.1324435E+17
3935.0000,9.3000000E-3,6.1333641E+17
3940.0000,9.2300000E-3,6.1342789E+17
3945.0000,9.2000000E-3,6.1351918E+17
3950.0000,9.1100000E-3,6.1360970E+17
3955.0000,9.0800000E-3,6.1370004E+17
3960.0000,9.0200000E-3,6.1378989E+17
3965.0000,9.0100000E-3,6.1387976E+17
3970.0000,8.9300000E-3,6.1396894E+17
3975.0000,8.9100000E-3,6.1405803E+17
3980.0000,8.8400000E-3,6.1414653E+17
3985.0000,8.8000000E-3,6.1423474E+17
3990.0000,8.7800000E-3,6.1432287E+17
3995.0000,8.7000000E-3,6.1441030E+17
4000.0000,8.6800000E-3,6.1445397E+17