280.00000,2.5400000E-26,8.9451288E-13
280.50000,1.0900000E-24,7.7804761E-11
281.00000,6.1300000E-24,5.1110771E-10
281.50000,2.7500000E-22,1.9984246E-8
282.00000,2.8300000E-21,2.2073648E-7
282.50000,1.3300000E-20,1.1658739E-6
283.00000,6.7600000E-20,5.9782324E-6
283.50000,1.4600000E-19,1.6390151E-5
284.00000,4.9800000E-18,3.7216278E-4
284.50000,2.1600000E-17,1.9179897E-3
285.00000,9.0000000E-17,8.3702550E-3
285.50000,6.4400000E-16,5.4620797E-2
286.00000,2.3500000E-15,0.22368776
286.50000,1.8500000E-14,1.5569673
287.00000,7.2500000E-14,6.7911002
287.50000,3.6600000E-13,33.260481
288.00000,2.8100000E-12,236.83511
288.50000,9.0700000E-12,895.06554
289.00000,3.5000000E-11,3439.4969
289.50000,1.5400000E-10,1.4654364E+4
290.00000,5.1500000E-10,5.2223402E+4
290.50000,1.3300000E-9,1.4941364E+5
291.00000,3.9000000E-9,4.3489808E+5
291.50000,1.4400000E-8,1.4908056E+6
292.00000,4.0800000E-8,4.4876753E+6
292.50000,7.0400000E-8,9.6675992E+6
293.00000,1.5800000E-7,2.1312869E+7
293.50000,4.7100000E-7,5.6086806E+7
294.00000,9.4600000E-7,1.2604898E+8
294.50000,1.6000000E-6,2.4457949E+8
295.00000,3.2200000E-6,4.8352712E+8
295.50000,8.0200000E-6,1.0796787E+9
296.00000,1.4700000E-5,2.1742244E+9
296.50000,2.3300000E-5,3.9120471E+9
297.00000,3.3200000E-5,6.3924337E+9
297.50000,6.7900000E-5,1.1473813E+10
298.00000,1.1100000E-4,1.9794594E+10
298.50000,1.4300000E-4,3.0532144E+10
299.00000,2.0300000E-4,4.5800493E+10
299.50000,3.7400000E-4,7.3977397E+10
300.00000,4.5600000E-4,1.0838948E+11
300.50000,5.7200000E-4,1.5162745E+11
301.00000,9.1900000E-4,2.2121105E+11
301.50000,1.3200000E-3,3.2132304E+11
302.00000,1.4600000E-3,4.3223660E+11
302.50000,2.1900000E-3,5.9888239E+11
303.00000,3.7300000E-3,8.8318203E+11
303.50000,4.8000000E-3,1.2496405E+12
304.00000,5.1000000E-3,1.6396441E+12
304.50000,6.4700000E-3,2.1352271E+12
305.00000,8.9300000E-3,2.8203621E+12
305.50000,1.0200000E-2,3.6042180E+12
306.00000,1.0200000E-2,4.3893568E+12
306.50000,1.1600000E-2,5.2837188E+12
307.00000,1.5200000E-2,6.4575531E+12
307.50000,1.9500000E-2,7.9659116E+12
308.00000,2.0800000E-2,9.5774435E+12
308.50000,2.2800000E-2,1.1346798E+13
309.00000,2.2300000E-2,1.3080156E+13
309.50000,2.3700000E-2,1.4925315E+13
310.00000,2.7800000E-2,1.7093175E+13
310.50000,3.5900000E-2,1.9897194E+13
311.00000,4.5400000E-2,2.3448934E+13
311.50000,4.6200000E-2,2.7069069E+13
312.00000,5.0900000E-2,3.1063889E+13
312.50000,5.3800000E-2,3.5293079E+13
313.00000,5.8300000E-2,3.9883344E+13
313.50000,5.9000000E-2,4.4536144E+13
314.00000,6.5300000E-2,4.9693982E+13
314.50000,7.0500000E-2,5.5271418E+13
315.00000,7.3700000E-2,6.1111284E+13
315.50000,6.4800000E-2,6.6254079E+13
316.00000,6.7100000E-2,7.1587851E+13
316.50000,8.1100000E-2,7.8044682E+13
317.00000,9.3000000E-2,8.5460637E+13
317.50000,9.9700000E-2,9.3423399E+13
318.00000,9.5800000E-2,1.0108673E+14
318.50000,0.10000000,1.0909860E+14
319.00000,0.11000000,1.1792551E+14
319.50000,0.10700000,1.2652513E+14
320.00000,0.11300000,1.3562119E+14
320.50000,0.13300000,1.4634390E+14
321.00000,0.13400000,1.5716408E+14
321.50000,0.12800000,1.6751588E+14
322.00000,0.12200000,1.7739778E+14
322.50000,0.12000000,1.8713278E+14
323.00000,0.11600000,1.9655787E+14
323.50000,0.13400000,2.0746232E+14
324.00000,0.14900000,2.1960616E+14
324.50000,0.15500000,2.3225851E+14
325.00000,0.15500000,2.4493036E+14
325.50000,0.17900000,2.5958681E+14
326.00000,0.20900000,2.7672594E+14
326.50000,0.22200000,2.9495906E+14
327.00000,0.21800000,3.1289108E+14
327.50000,0.21300000,3.3043860E+14
328.00000,0.19800000,3.4677528E+14
328.50000,0.20700000,3.6388058E+14
329.00000,0.23300000,3.8316367E+14
329.50000,0.25900000,4.0463110E+14
330.00000,0.26200000,4.2638014E+14
330.50000,0.24100000,4.4641624E+14
331.00000,0.22800000,4.6540024E+14
331.50000,0.23600000,4.8508003E+14
332.00000,0.24500000,5.0554113E+14
332.50000,0.24700000,5.2620033E+14
333.00000,0.24300000,5.4655553E+14
333.50000,0.23300000,5.6610237E+14
334.00000,0.23800000,5.8609861E+14
334.50000,0.25400000,6.0747107E+14
335.00000,0.26500000,6.2980245E+14
335.50000,0.25900000,6.5166079E+14
336.00000,0.23800000,6.7177677E+14
336.50000,0.22100000,6.9048368E+14
337.00000,0.21800000,7.0896408E+14
337.50000,0.23400000,7.2883026E+14
338.00000,0.25300000,7.5034133E+14
338.50000,0.26500000,7.7290603E+14
339.00000,0.27100000,7.9601570E+14
339.50000,0.27800000,8.1975727E+14
340.00000,0.29700000,8.4515882E+14
340.50000,0.29700000,8.7059772E+14
341.00000,0.27900000,8.9452997E+14
341.50000,0.27900000,9.1849730E+14
342.00000,0.29100000,9.4353209E+14
342.50000,0.30300000,9.6963736E+14
343.00000,0.30900000,9.9629842E+14
343.50000,0.29200000,1.0215294E+15
344.00000,0.25400000,1.0435089E+15
344.50000,0.24400000,1.0646537E+15
345.00000,0.27900000,1.0888667E+15
345.50000,0.29800000,1.1147660E+15
346.00000,0.29100000,1.1400936E+15
346.50000,0.29700000,1.1659808E+15
347.00000,0.30300000,1.1924290E+15
347.50000,0.29400000,1.2181287E+15
348.00000,0.29300000,1.2437778E+15
348.50000,0.29900000,1.2699897E+15
349.00000,0.28900000,1.2953613E+15
349.50000,0.29700000,1.3214726E+15
350.00000,0.32900000,1.3504386E+15
350.50000,0.35500000,1.3817384E+15
351.00000,0.34600000,1.4122882E+15
351.50000,0.33400000,1.4418204E+15
352.00000,0.32700000,1.4707749E+15
352.50000,0.31000000,1.4982630E+15
353.00000,0.33000000,1.5275661E+15
353.50000,0.36400000,1.5599341E+15
354.00000,0.38500000,1.5942179E+15
354.50000,0.39000000,1.6289960E+15
355.00000,0.39100000,1.6639124E+15
355.50000,0.37900000,1.6978049E+15
356.00000,0.35600000,1.7296854E+15
356.50000,0.33500000,1.7597274E+15
357.00000,0.29500000,1.7862195E+15
357.50000,0.30000000,1.8131982E+15
358.00000,0.27900000,1.8383236E+15
358.50000,0.26000000,1.8617706E+15
359.00000,0.30700000,1.8894947E+15
359.50000,0.37000000,1.9229546E+15
360.00000,0.39200000,1.9584534E+15
360.50000,0.37200000,1.9921878E+15
361.00000,0.34300000,2.0233355E+15
361.50000,0.33600000,2.0538899E+15
362.00000,0.35400000,2.0861255E+15
362.50000,0.38800000,2.1215061E+15
363.00000,0.40000000,2.1580312E+15
363.50000,0.39000000,2.1936922E+15
364.00000,0.40500000,2.2307758E+15
364.50000,0.40200000,2.2676352E+15
365.00000,0.41800000,2.3060142E+15
365.50000,0.46100000,2.3483993E+15
366.00000,0.49500000,2.3939727E+15
366.50000,0.49700000,2.4397927E+15
367.00000,0.48900000,2.4849366E+15
367.50000,0.48000000,2.5293101E+15
368.00000,0.45300000,2.5712446E+15
368.50000,0.45100000,2.6130506E+15
369.00000,0.47200000,2.6568626E+15
369.50000,0.50900000,2.7041730E+15
370.00000,0.51700000,2.7522921E+15
370.50000,0.46800000,2.7959094E+15
371.00000,0.47600000,2.8403322E+15
371.50000,0.49600000,2.8866839E+15
372.00000,0.46500000,2.9301970E+15
372.50000,0.44400000,2.9718009E+15
373.00000,0.42800000,3.0119594E+15
373.50000,0.38700000,3.0483196E+15
374.00000,0.38700000,3.0847285E+15
374.50000,0.38400000,3.1209035E+15
375.00000,0.41100000,3.1596737E+15
375.50000,0.45500000,3.2026517E+15
376.00000,0.47200000,3.2472948E+15
376.50000,0.46500000,3.2913343E+15
377.00000,0.50000000,3.3387516E+15
377.50000,0.55900000,3.3918344E+15
378.00000,0.60300000,3.4491712E+15
378.50000,0.58900000,3.5052510E+15
379.00000,0.52600000,3.5553985E+15
379.50000,0.47300000,3.6005527E+15
380.00000,0.49800000,3.6481561E+15
380.50000,0.53400000,3.6992678E+15
381.00000,0.54400000,3.7514051E+15
381.50000,0.49100000,3.7985247E+15
382.00000,0.42000000,3.8388834E+15
382.50000,0.36400000,3.8739067E+15
383.00000,0.32600000,3.9053148E+15
383.50000,0.31700000,3.9358957E+15
384.00000,0.36700000,3.9713461E+15
384.50000,0.44200000,4.0140969E+15
385.00000,0.48600000,4.0611644E+15
385.50000,0.46500000,4.1062567E+15
386.00000,0.45000000,4.1499510E+15
386.50000,0.46800000,4.1954519E+15
387.00000,0.47300000,4.2414985E+15
387.50000,0.46700000,4.2870196E+15
388.00000,0.46400000,4.3323067E+15
388.50000,0.46100000,4.3773590E+15
389.00000,0.50100000,4.4263834E+15
389.50000,0.55600000,4.4808596E+15
390.00000,0.58500000,4.5382508E+15
390.50000,0.59000000,4.5962068E+15
391.00000,0.62600000,4.6577777E+15
391.50000,0.63600000,4.7204123E+15
392.00000,0.58700000,4.7782950E+15
392.50000,0.49000000,4.8266744E+15
393.00000,0.35500000,4.8617694E+15
393.50000,0.28300000,4.8897822E+15
394.00000,0.36800000,4.9262550E+15
394.50000,0.50800000,4.9766672E+15
395.00000,0.60100000,5.0363840E+15
395.50000,0.64100000,5.1001559E+15
396.00000,0.56400000,5.1563381E+15
396.50000,0.41100000,5.1973311E+15
397.00000,0.31900000,5.2291882E+15
397.50000,0.47200000,5.2763841E+15
398.00000,0.63900000,5.3403589E+15
398.50000,0.75600000,5.4161424E+15
399.00000,0.80400000,5.4968387E+15
399.50000,0.83000000,5.5802491E+15
400.00000,0.84000000,5.7070304E+15
401.00000,0.87700000,5.8839593E+15
402.00000,0.91400000,6.0688126E+15
403.00000,0.88200000,6.2476377E+15
404.00000,0.89800000,6.4301585E+15
405.00000,0.87800000,6.6090561E+15
406.00000,0.85900000,6.7845144E+15
407.00000,0.84500000,6.9575383E+15
408.00000,0.88500000,7.1391979E+15
409.00000,0.94700000,7.3340603E+15
410.00000,0.80900000,7.5009337E+15
411.00000,0.90800000,7.6886848E+15
412.00000,0.96700000,7.8891221E+15
413.00000,0.93000000,8.0823581E+15
414.00000,0.92100000,8.2741873E+15
415.00000,0.95600000,8.4737874E+15
416.00000,0.98600000,8.6801472E+15
417.00000,0.96400000,8.8823876E+15
418.00000,0.92400000,9.0767012E+15
419.00000,0.96400000,9.2799116E+15
420.00000,0.88500000,9.4669141E+15
421.00000,1.0100000,9.6808375E+15
422.00000,0.99500000,9.8920844E+15
423.00000,0.96500000,1.0097448E+16
424.00000,0.96200000,1.0302656E+16
425.00000,0.99300000,1.0514977E+16
426.00000,0.96700000,1.0722226E+16
427.00000,0.93600000,1.0923301E+16
428.00000,0.94600000,1.1127000E+16
429.00000,0.87800000,1.1316499E+16
430.00000,0.70100000,1.1468149E+16
431.00000,0.63800000,1.1606490E+16
432.00000,1.0600000,1.1836870E+16
433.00000,0.99100000,1.2052752E+16
434.00000,0.91700000,1.2252975E+16
435.00000,1.0100000,1.2474012E+16
436.00000,1.1100000,1.2717493E+16
437.00000,1.1300000,1.2965929E+16
438.00000,0.99400000,1.3184965E+16
439.00000,0.95800000,1.3396550E+16
440.00000,1.1000000,1.3640051E+16
441.00000,1.0900000,1.3881886E+16
442.00000,1.1600000,1.4139836E+16
443.00000,1.1800000,1.4402827E+16
444.00000,1.1500000,1.4659710E+16
445.00000,1.2000000,1.4928365E+16
446.00000,1.0800000,1.5170699E+16
447.00000,1.2300000,1.5447309E+16
448.00000,1.2400000,1.5726791E+16
449.00000,1.2400000,1.6006897E+16
450.00000,1.2900000,1.6298947E+16
451.00000,1.3400000,1.6602991E+16
452.00000,1.2800000,1.6894065E+16
453.00000,1.1900000,1.7165272E+16
454.00000,1.2700000,1.7455349E+16
455.00000,1.2700000,1.7746066E+16
456.00000,1.3100000,1.8046598E+16
457.00000,1.3200000,1.8350089E+16
458.00000,1.2900000,1.8647330E+16
459.00000,1.2900000,1.8945221E+16
460.00000,1.2800000,1.9241447E+16
461.00000,1.3300000,1.9549913E+16
462.00000,1.3400000,1.9861373E+16
463.00000,1.3500000,2.0175836E+16
464.00000,1.3100000,2.0481640E+16
465.00000,1.2900000,2.0783425E+16
466.00000,1.3200000,2.1092892E+16
467.00000,1.2600000,2.1388927E+16
468.00000,1.3200000,2.1699722E+16
469.00000,1.3200000,2.2011182E+16
470.00000,1.2700000,2.2311483E+16
471.00000,1.3000000,2.2619531E+16
472.00000,1.3700000,2.2944856E+16
473.00000,1.3100000,2.3256592E+16
474.00000,1.3300000,2.3573757E+16
475.00000,1.3800000,2.3903539E+16
476.00000,1.3300000,2.4222042E+16
477.00000,1.3400000,2.4543614E+16
478.00000,1.3800000,2.4875480E+16
479.00000,1.3600000,2.5203219E+16
480.00000,1.3800000,2.5536473E+16
481.00000,1.3800000,2.5870421E+16
482.00000,1.3900000,2.6207489E+16
483.00000,1.3700000,2.6540395E+16
484.00000,1.3500000,2.6869121E+16
485.00000,1.3500000,2.7198526E+16
486.00000,1.0900000,2.7465039E+16
487.00000,1.2200000,2.7763951E+16
488.00000,1.3300000,2.8090484E+16
489.00000,1.2500000,2.8398004E+16
490.00000,1.4000000,2.8743131E+16
491.00000,1.3400000,2.9074141E+16
492.00000,1.2800000,2.9390974E+16
493.00000,1.3700000,2.9730773E+16
494.00000,1.3400000,3.0063805E+16
495.00000,1.4200000,3.0417435E+16
496.00000,1.3500000,3.0754311E+16
497.00000,1.3800000,3.1099367E+16
498.00000,1.3400000,3.1435096E+16
499.00000,1.3400000,3.1771500E+16
500.00000,1.3400000,3.2108577E+16
501.00000,1.3000000,3.2436247E+16
502.00000,1.3000000,3.2764570E+16
503.00000,1.3600000,3.3108731E+16
504.00000,1.2700000,3.3430756E+16
505.00000,1.3600000,3.3776285E+16
506.00000,1.4200000,3.4137773E+16
507.00000,1.3500000,3.4482120E+16
508.00000,1.3200000,3.4819479E+16
509.00000,1.3900000,3.5175428E+16
510.00000,1.3500000,3.5521813E+16
511.00000,1.3800000,3.5876589E+16
512.00000,1.4100000,3.6239788E+16
513.00000,1.3300000,3.6583048E+16
514.00000,1.3000000,3.6919220E+16
515.00000,1.3400000,3.7266410E+16
516.00000,1.3500000,3.7616870E+16
517.00000,1.1000000,3.7902983E+16
518.00000,1.2600000,3.8231347E+16
519.00000,1.2200000,3.8549900E+16
520.00000,1.3300000,3.8897844E+16
521.00000,1.3500000,3.9251700E+16
522.00000,1.3800000,3.9614114E+16
523.00000,1.3000000,3.9956172E+16
524.00000,1.4000000,4.0325246E+16
525.00000,1.3900000,4.0692384E+16
526.00000,1.3500000,4.1049636E+16
527.00000,1.1800000,4.1362494E+16
528.00000,1.3500000,4.1721104E+16
529.00000,1.4100000,4.2096362E+16
530.00000,1.3600000,4.2458997E+16
531.00000,1.4300000,4.2841016E+16
532.00000,1.4100000,4.3218402E+16
533.00000,1.2600000,4.3556274E+16
534.00000,1.3500000,4.3918960E+16
535.00000,1.3700000,4.4287707E+16
536.00000,1.4300000,4.4673324E+16
537.00000,1.3200000,4.5029942E+16
538.00000,1.3900000,4.5406170E+16
539.00000,1.3600000,4.5774963E+16
540.00000,1.3100000,4.6130856E+16
541.00000,1.2600000,4.6473800E+16
542.00000,1.3700000,4.6847372E+16
543.00000,1.3500000,4.7216170E+16
544.00000,1.4000000,4.7599332E+16
545.00000,1.3700000,4.7974972E+16
546.00000,1.3500000,4.8345807E+16
547.00000,1.3700000,4.8722826E+16
548.00000,1.3300000,4.9089506E+16
549.00000,1.3800000,4.9470665E+16
550.00000,1.3600000,4.9846984E+16
551.00000,1.3600000,5.0223987E+16
552.00000,1.3900000,5.0610006E+16
553.00000,1.3500000,5.0985596E+16
554.00000,1.3800000,5.1370227E+16
555.00000,1.3900000,5.1758344E+16
556.00000,1.3700000,5.2141565E+16
557.00000,1.3300000,5.2514267E+16
558.00000,1.3600000,5.2896060E+16
559.00000,1.2900000,5.3258851E+16
560.00000,1.3100000,5.3627926E+16
561.00000,1.3900000,5.4020239E+16
562.00000,1.3200000,5.4393459E+16
563.00000,1.3700000,5.4781505E+16
564.00000,1.3500000,5.5164566E+16
565.00000,1.3600000,5.5551149E+16
566.00000,1.2800000,5.5915635E+16
567.00000,1.3700000,5.6306439E+16
568.00000,1.3600000,5.6695074E+16
569.00000,1.3200000,5.7072943E+16
570.00000,1.3200000,5.7451475E+16
571.00000,1.2800000,5.7819182E+16
572.00000,1.3500000,5.8207676E+16
573.00000,1.3600000,5.8599732E+16
574.00000,1.3500000,5.8989585E+16
575.00000,1.3200000,5.9371438E+16
576.00000,1.3100000,5.9751058E+16
577.00000,1.3500000,6.0142948E+16
578.00000,1.3000000,6.0520978E+16
579.00000,1.3200000,6.0905487E+16
580.00000,1.3500000,6.1299415E+16
581.00000,1.3500000,6.1694022E+16
582.00000,1.3700000,6.2095164E+16
583.00000,1.3900000,6.2502862E+16
584.00000,1.3800000,6.2908321E+16
585.00000,1.3700000,6.3311531E+16
586.00000,1.3400000,6.3706586E+16
587.00000,1.3700000,6.4111174E+16
588.00000,1.3400000,6.4507577E+16
589.00000,1.1600000,6.4851316E+16
590.00000,1.2300000,6.5216416E+16
591.00000,1.3200000,6.5608895E+16
592.00000,1.2900000,6.5993102E+16
593.00000,1.3100000,6.6383926E+16
594.00000,1.3000000,6.6772420E+16
595.00000,1.2900000,6.7158575E+16
596.00000,1.3300000,6.7557373E+16
597.00000,1.3300000,6.7956840E+16
598.00000,1.3100000,6.8350959E+16
599.00000,1.3100000,6.8745737E+16
600.00000,1.3300000,6.9147211E+16
601.00000,1.3100000,6.9543307E+16
602.00000,1.2900000,6.9934005E+16
603.00000,1.3200000,7.0334453E+16
604.00000,1.3400000,7.0741643E+16
605.00000,1.3400000,7.1149506E+16
606.00000,1.3400000,7.1558044E+16
607.00000,1.3400000,7.1967256E+16
608.00000,1.3400000,7.2377142E+16
609.00000,1.3300000,7.2784639E+16
610.00000,1.3200000,7.3189735E+16
611.00000,1.3200000,7.3595496E+16
612.00000,1.3400000,7.4008079E+16
613.00000,1.3200000,7.4415168E+16
614.00000,1.2800000,7.4810564E+16
615.00000,1.3300000,7.5222076E+16
616.00000,1.2900000,7.5621860E+16
617.00000,1.2700000,7.6016084E+16
618.00000,1.3200000,7.6426493E+16
619.00000,1.3300000,7.6840681E+16
620.00000,1.3300000,7.7255538E+16
621.00000,1.3400000,7.7674188E+16
622.00000,1.2900000,7.8077866E+16
623.00000,1.2800000,7.8479058E+16
624.00000,1.2800000,7.8880895E+16
625.00000,1.2700000,7.9280231E+16
626.00000,1.2700000,7.9680206E+16
627.00000,1.3000000,8.0090283E+16
628.00000,1.2300000,8.0478898E+16
629.00000,1.2800000,8.0883955E+16
630.00000,1.2600000,8.1283316E+16
631.00000,1.2800000,8.1689660E+16
632.00000,1.2300000,8.2080751E+16
633.00000,1.3100000,8.2497937E+16
634.00000,1.2900000,8.2909403E+16
635.00000,1.3100000,8.3327907E+16
636.00000,1.2800000,8.3737471E+16
637.00000,1.3200000,8.4160498E+16
638.00000,1.3300000,8.4587399E+16
639.00000,1.3200000,8.5011754E+16
640.00000,1.3000000,8.5430334E+16
641.00000,1.3000000,8.5849568E+16
642.00000,1.3000000,8.6269456E+16
643.00000,1.3100000,8.6693232E+16
644.00000,1.3100000,8.7117668E+16
645.00000,1.3200000,8.7546008E+16
646.00000,1.2800000,8.7962012E+16
647.00000,1.2700000,8.8375405E+16
648.00000,1.2600000,8.8786176E+16
649.00000,1.2200000,8.9184521E+16
650.00000,1.2300000,8.9586750E+16
651.00000,1.3100000,9.0015799E+16
652.00000,1.2600000,9.0429107E+16
653.00000,1.3000000,9.0856189E+16
654.00000,1.2800000,9.1277344E+16
655.00000,1.2200000,9.1679372E+16
656.00000,1.0700000,9.2032508E+16
657.00000,1.1200000,9.2402710E+16
658.00000,1.2500000,9.2816510E+16
659.00000,1.2600000,9.3234255E+16
660.00000,1.2700000,9.3655954E+16
661.00000,1.2600000,9.4074966E+16
662.00000,1.2500000,9.4491282E+16
663.00000,1.2500000,9.4908226E+16
664.00000,1.2600000,9.5329140E+16
665.00000,1.2900000,9.5760725E+16
666.00000,1.2900000,9.6192959E+16
667.00000,1.2800000,9.6622486E+16
668.00000,1.2800000,9.7052658E+16
669.00000,1.3000000,9.7490204E+16
670.00000,1.2900000,9.7925034E+16
671.00000,1.2800000,9.8357137E+16
672.00000,1.2700000,9.8786503E+16
673.00000,1.2800000,9.9219894E+16
674.00000,1.2700000,9.9650538E+16
675.00000,1.2600000,1.0007843E+17
676.00000,1.2800000,1.0051375E+17
677.00000,1.2700000,1.0094631E+17
678.00000,1.2700000,1.0137951E+17
679.00000,1.2600000,1.0180993E+17
680.00000,1.2700000,1.0224441E+17
681.00000,1.2600000,1.0267610E+17
682.00000,1.2700000,1.0311186E+17
683.00000,1.2500000,1.0354138E+17
684.00000,1.2400000,1.0396809E+17
685.00000,1.2500000,1.0439887E+17
686.00000,1.2200000,1.0481992E+17
687.00000,0.88300000,1.0512511E+17
688.00000,1.0200000,1.0547817E+17
689.00000,1.0300000,1.0583520E+17
690.00000,1.0700000,1.0620664E+17
691.00000,1.1200000,1.0659600E+17
692.00000,1.1500000,1.0699637E+17
693.00000,1.1400000,1.0739383E+17
694.00000,1.1300000,1.0778837E+17
695.00000,1.1500000,1.0819048E+17
696.00000,1.1500000,1.0859316E+17
697.00000,1.2200000,1.0902096E+17
698.00000,1.2000000,1.0944236E+17
699.00000,1.1700000,1.0985381E+17
700.00000,1.1600000,1.1026233E+17
701.00000,1.1500000,1.1066790E+17
702.00000,1.1500000,1.1107406E+17
703.00000,1.1600000,1.1148433E+17
704.00000,1.1900000,1.1190580E+17
705.00000,1.2000000,1.1233143E+17
706.00000,1.1900000,1.1275410E+17
707.00000,1.1900000,1.1317737E+17
708.00000,1.1800000,1.1359769E+17
709.00000,1.1900000,1.1402216E+17
710.00000,1.2000000,1.1445080E+17
711.00000,1.1900000,1.1487647E+17
712.00000,1.1900000,1.1530273E+17
713.00000,1.1700000,1.1572242E+17
714.00000,1.1800000,1.1614630E+17
715.00000,1.1400000,1.1655637E+17
716.00000,1.1500000,1.1697063E+17
717.00000,1.0100000,1.1733496E+17
718.00000,0.93900000,1.1767415E+17
719.00000,0.84300000,1.1797909E+17
720.00000,0.89900000,1.1830473E+17
721.00000,0.99000000,1.1866384E+17
722.00000,1.1300000,1.1907430E+17
723.00000,1.0400000,1.1945259E+17
724.00000,0.96300000,1.1980336E+17
725.00000,0.94700000,1.2014878E+17
726.00000,0.98600000,1.2050891E+17
727.00000,0.99000000,1.2087101E+17
728.00000,0.95000000,1.2121896E+17
729.00000,0.95500000,1.2156921E+17
730.00000,1.0300000,1.2194749E+17
731.00000,0.97700000,1.2230680E+17
732.00000,1.0500000,1.2269348E+17
733.00000,1.0900000,1.2309545E+17
734.00000,1.1300000,1.2351273E+17
735.00000,1.1100000,1.2392318E+17
736.00000,1.1000000,1.2433049E+17
737.00000,1.1000000,1.2473836E+17
738.00000,1.1200000,1.2515420E+17
739.00000,1.0900000,1.2555945E+17
740.00000,1.1100000,1.2597270E+17
741.00000,1.1100000,1.2638650E+17
742.00000,1.1100000,1.2680087E+17
743.00000,1.1300000,1.2722327E+17
744.00000,1.1400000,1.2764998E+17
745.00000,1.1400000,1.2807726E+17
746.00000,1.1400000,1.2850512E+17
747.00000,1.1400000,1.2893355E+17
748.00000,1.1300000,1.2935879E+17
749.00000,1.1300000,1.2978460E+17
750.00000,1.1300000,1.3021097E+17
751.00000,1.1200000,1.3063414E+17
752.00000,1.1300000,1.3106166E+17
753.00000,1.1200000,1.3148595E+17
754.00000,1.1400000,1.3191840E+17
755.00000,1.1300000,1.3234762E+17
756.00000,1.1200000,1.3277360E+17
757.00000,1.1200000,1.3320015E+17
758.00000,1.1200000,1.3362726E+17
759.00000,1.0900000,1.3404348E+17
760.00000,0.24700000,1.3413793E+17
761.00000,0.14300000,1.3419268E+17
762.00000,0.63500000,1.3443611E+17
763.00000,0.35200000,1.3457123E+17
764.00000,0.49900000,1.3476303E+17
765.00000,0.63400000,1.3500704E+17
766.00000,0.75100000,1.3529646E+17
767.00000,0.89600000,1.3564220E+17
768.00000,1.0200000,1.3603631E+17
769.00000,1.0300000,1.3643480E+17
770.00000,1.0600000,1.3684543E+17
771.00000,1.0700000,1.3726048E+17
772.00000,1.0800000,1.3767994E+17
773.00000,1.0800000,1.3809995E+17
774.00000,1.0800000,1.3852050E+17
775.00000,1.0800000,1.3894160E+17
776.00000,1.0800000,1.3936324E+17
777.00000,1.0800000,1.3978542E+17
778.00000,1.0800000,1.4020814E+17
779.00000,1.0800000,1.4063141E+17
780.00000,1.0700000,1.4105130E+17
781.00000,1.0700000,1.4147173E+17
782.00000,1.0700000,1.4189269E+17
783.00000,1.0700000,1.4231419E+17
784.00000,1.0600000,1.4273229E+17
785.00000,1.0600000,1.4315092E+17
786.00000,1.0700000,1.4357404E+17
787.00000,1.0500000,1.4398977E+17
788.00000,1.0400000,1.4440208E+17
789.00000,1.0400000,1.4481490E+17
790.00000,1.0000000,1.4521235E+17
791.00000,1.0200000,1.4561826E+17
792.00000,1.0100000,1.4602070E+17
793.00000,1.0000000,1.4641966E+17
794.00000,1.0100000,1.4682312E+17
795.00000,1.0100000,1.4722708E+17
796.00000,0.99000000,1.4762354E+17
797.00000,1.0100000,1.4802853E+17
798.00000,1.0200000,1.4843803E+17
799.00000,1.0000000,1.4884001E+17
800.00000,0.98900000,1.4923806E+17
801.00000,1.0000000,1.4964104E+17
802.00000,1.0000000,1.5004453E+17
803.00000,0.98300000,1.5044165E+17
804.00000,0.99500000,1.5084412E+17
805.00000,0.97300000,1.5123818E+17
806.00000,1.0100000,1.5164774E+17
807.00000,1.0000000,1.5205374E+17
808.00000,0.99800000,1.5245943E+17
809.00000,0.97400000,1.5285586E+17
810.00000,0.97500000,1.5325318E+17
811.00000,0.97300000,1.5365018E+17
812.00000,0.94900000,1.5403786E+17
813.00000,0.93200000,1.5441907E+17
814.00000,0.83700000,1.5476184E+17
815.00000,0.82900000,1.5510176E+17
816.00000,0.77200000,1.5541868E+17
817.00000,0.79000000,1.5574340E+17
818.00000,0.76300000,1.5605740E+17
819.00000,0.83800000,1.5640269E+17
820.00000,0.79900000,1.5673231E+17
821.00000,0.92300000,1.5711355E+17
822.00000,0.88100000,1.5747789E+17
823.00000,0.62600000,1.5773709E+17
824.00000,0.86600000,1.5809609E+17
825.00000,0.89800000,1.5846881E+17
826.00000,0.86500000,1.5882827E+17
827.00000,0.91200000,1.5920772E+17
828.00000,0.78900000,1.5953640E+17
829.00000,0.86100000,1.5989549E+17
830.00000,0.84900000,1.6025001E+17
831.00000,0.85700000,1.6060831E+17
832.00000,0.83000000,1.6095573E+17
833.00000,0.88600000,1.6132703E+17
834.00000,0.86600000,1.6169040E+17
835.00000,0.92900000,1.6208066E+17
836.00000,0.90100000,1.6245961E+17
837.00000,0.93500000,1.6285334E+17
838.00000,0.92600000,1.6324374E+17
839.00000,0.92800000,1.6363545E+17
840.00000,0.94100000,1.6403312E+17
841.00000,0.93600000,1.6442915E+17
842.00000,0.92400000,1.6482056E+17
843.00000,0.93200000,1.6521584E+17
844.00000,0.91400000,1.6560394E+17
845.00000,0.94200000,1.6600440E+17
846.00000,0.94400000,1.6640619E+17
847.00000,0.91900000,1.6679780E+17
848.00000,0.92000000,1.6719030E+17
849.00000,0.91400000,1.6758069E+17
850.00000,0.82900000,1.6793520E+17
851.00000,0.90500000,1.6832267E+17
852.00000,0.89900000,1.6870802E+17
853.00000,0.89500000,1.6909210E+17
854.00000,0.79000000,1.6943153E+17
855.00000,0.84700000,1.6979586E+17
856.00000,0.90300000,1.7018474E+17
857.00000,0.92100000,1.7058184E+17
858.00000,0.92100000,1.7097940E+17
859.00000,0.92100000,1.7137742E+17
860.00000,0.91800000,1.7177461E+17
861.00000,0.91600000,1.7217139E+17
862.00000,0.92400000,1.7257211E+17
863.00000,0.92900000,1.7297546E+17
864.00000,0.91000000,1.7337101E+17
865.00000,0.89500000,1.7376050E+17
866.00000,0.78900000,1.7410426E+17
867.00000,0.85100000,1.7447545E+17
868.00000,0.89100000,1.7486455E+17
869.00000,0.88300000,1.7525059E+17
870.00000,0.89900000,1.7564408E+17
871.00000,0.88700000,1.7603276E+17
872.00000,0.89900000,1.7642716E+17
873.00000,0.89000000,1.7681805E+17
874.00000,0.87500000,1.7720280E+17
875.00000,0.86200000,1.7758226E+17
876.00000,0.88600000,1.7797273E+17
877.00000,0.88900000,1.7836498E+17
878.00000,0.88600000,1.7875634E+17
879.00000,0.87100000,1.7914152E+17
880.00000,0.87400000,1.7952847E+17
881.00000,0.84600000,1.7990344E+17
882.00000,0.86800000,1.8028860E+17
883.00000,0.86500000,1.8067287E+17
884.00000,0.86900000,1.8105935E+17
885.00000,0.87900000,1.8145072E+17
886.00000,0.84500000,1.8182738E+17
887.00000,0.84800000,1.8220580E+17
888.00000,0.85900000,1.8258956E+17
889.00000,0.87000000,1.8297867E+17
890.00000,0.86100000,1.8336419E+17
891.00000,0.86300000,1.8375104E+17
892.00000,0.84700000,1.8413115E+17
893.00000,0.81400000,1.8449685E+17
894.00000,0.79400000,1.8485397E+17
895.00000,0.76000000,1.8519618E+17
896.00000,0.71300000,1.8551758E+17
897.00000,0.62300000,1.8579873E+17
898.00000,0.67100000,1.8610188E+17
899.00000,0.51500000,1.8633481E+17
900.00000,0.69400000,1.8664904E+17
901.00000,0.56200000,1.8690379E+17
902.00000,0.62500000,1.8718742E+17
903.00000,0.64500000,1.8748044E+17
904.00000,0.78900000,1.8783928E+17
905.00000,0.76300000,1.8818668E+17
906.00000,0.72500000,1.8851714E+17
907.00000,0.59800000,1.8879002E+17
908.00000,0.61100000,1.8906913E+17
909.00000,0.65900000,1.8937050E+17
910.00000,0.58600000,1.8963879E+17
911.00000,0.62600000,1.8992570E+17
912.00000,0.64500000,1.9022164E+17
913.00000,0.58900000,1.9049219E+17
914.00000,0.58700000,1.9076211E+17
915.00000,0.63600000,1.9105488E+17
916.00000,0.54100000,1.9130420E+17
917.00000,0.68400000,1.9161976E+17
918.00000,0.55600000,1.9187654E+17
919.00000,0.69200000,1.9219649E+17
920.00000,0.69700000,1.9251910E+17
921.00000,0.73000000,1.9285735E+17
922.00000,0.65600000,1.9316164E+17
923.00000,0.69700000,1.9348530E+17
924.00000,0.67600000,1.9379955E+17
925.00000,0.66600000,1.9410948E+17
926.00000,0.65900000,1.9441649E+17
927.00000,0.73700000,1.9476021E+17
928.00000,0.55400000,1.9501886E+17
929.00000,0.51800000,1.9526096E+17
930.00000,0.40700000,1.9545139E+17
931.00000,0.38500000,1.9563172E+17
932.00000,0.28400000,1.9576488E+17
933.00000,0.23500000,1.9587519E+17
934.00000,0.13600000,1.9593910E+17
935.00000,0.23700000,1.9605058E+17
936.00000,0.15300000,1.9612263E+17
937.00000,0.15500000,1.9619570E+17
938.00000,0.19000000,1.9628536E+17
939.00000,0.37600000,1.9646299E+17
940.00000,0.44400000,1.9667296E+17
941.00000,0.35100000,1.9683913E+17
942.00000,0.38200000,1.9702017E+17
943.00000,0.26300000,1.9714494E+17
944.00000,0.27000000,1.9727317E+17
945.00000,0.34700000,1.9743815E+17
946.00000,0.18400000,1.9752572E+17
947.00000,0.35000000,1.9769247E+17
948.00000,0.25900000,1.9781600E+17
949.00000,0.46500000,1.9803801E+17
950.00000,0.13900000,1.9810444E+17
951.00000,0.45600000,1.9832262E+17
952.00000,0.25400000,1.9844427E+17
953.00000,0.32400000,1.9859961E+17
954.00000,0.40000000,1.9879160E+17
955.00000,0.32200000,1.9894631E+17
956.00000,0.31000000,1.9909540E+17
957.00000,0.25600000,1.9921866E+17
958.00000,0.43500000,1.9942832E+17
959.00000,0.35300000,1.9959863E+17
960.00000,0.39700000,1.9979037E+17
961.00000,0.43500000,2.0000069E+17
962.00000,0.41700000,2.0020251E+17
963.00000,0.47600000,2.0043312E+17
964.00000,0.43200000,2.0064264E+17
965.00000,0.47500000,2.0087325E+17
966.00000,0.47400000,2.0110361E+17
967.00000,0.47400000,2.0133421E+17
968.00000,0.61300000,2.0163274E+17
969.00000,0.64500000,2.0194718E+17
970.00000,0.59700000,2.0223852E+17
971.00000,0.67100000,2.0256631E+17
972.00000,0.64600000,2.0288221E+17
973.00000,0.57100000,2.0316173E+17
974.00000,0.54200000,2.0342732E+17
975.00000,0.55500000,2.0369956E+17
976.00000,0.53900000,2.0396422E+17
977.00000,0.60100000,2.0425963E+17
978.00000,0.57900000,2.0454452E+17
979.00000,0.60000000,2.0484004E+17
980.00000,0.56900000,2.0512058E+17
981.00000,0.67100000,2.0545175E+17
982.00000,0.65100000,2.0577337E+17
983.00000,0.62900000,2.0608444E+17
984.00000,0.69300000,2.0642751E+17
985.00000,0.64700000,2.0674813E+17
986.00000,0.70600000,2.0709835E+17
987.00000,0.69500000,2.0744346E+17
988.00000,0.69100000,2.0778693E+17
989.00000,0.70400000,2.0813722E+17
990.00000,0.68800000,2.0847989E+17
991.00000,0.70800000,2.0883288E+17
992.00000,0.70600000,2.0918523E+17
993.00000,0.69300000,2.0953143E+17
994.00000,0.70900000,2.0988599E+17
995.00000,0.70700000,2.1023991E+17
996.00000,0.70400000,2.1059267E+17
997.00000,0.69600000,2.1094178E+17
998.00000,0.69500000,2.1129073E+17
999.00000,0.69500000,2.1164004E+17
1000.0000,0.69200000,2.1198819E+17
1001.0000,0.70000000,2.1234071E+17
1002.0000,0.68500000,2.1268602E+17
1003.0000,0.69100000,2.1303471E+17
1004.0000,0.68100000,2.1337869E+17
1005.0000,0.64100000,2.1370279E+17
1006.0000,0.67000000,2.1404189E+17
1007.0000,0.68500000,2.1438892E+17
1008.0000,0.68400000,2.1473580E+17
1009.0000,0.67700000,2.1507946E+17
1010.0000,0.67700000,2.1542347E+17
1011.0000,0.68000000,2.1576934E+17
1012.0000,0.67700000,2.1611403E+17
1013.0000,0.67600000,2.1645854E+17
1014.0000,0.67800000,2.1680442E+17
1015.0000,0.66700000,2.1714502E+17
1016.0000,0.67000000,2.1748749E+17
1017.0000,0.66200000,2.1782621E+17
1018.0000,0.67300000,2.1817089E+17
1019.0000,0.64900000,2.1850360E+17
1020.0000,0.65800000,2.1884127E+17
1021.0000,0.66100000,2.1918080E+17
1022.0000,0.65000000,2.1951501E+17
1023.0000,0.65500000,2.1985212E+17
1024.0000,0.65100000,2.2018750E+17
1025.0000,0.65700000,2.2052630E+17
1026.0000,0.65600000,2.2086491E+17
1027.0000,0.65300000,2.2120231E+17
1028.0000,0.65400000,2.2154055E+17
1029.0000,0.64700000,2.2187549E+17
1030.0000,0.65100000,2.2221284E+17
1031.0000,0.64800000,2.2254895E+17
1032.0000,0.64900000,2.2288591E+17
1033.0000,0.63800000,2.2321748E+17
1034.0000,0.64100000,2.2355094E+17
1035.0000,0.64300000,2.2388575E+17
1036.0000,0.64300000,2.2422089E+17
1037.0000,0.63700000,2.2455323E+17
1038.0000,0.63400000,2.2488431E+17
1039.0000,0.63800000,2.2521781E+17
1040.0000,0.63400000,2.2554953E+17
1041.0000,0.63400000,2.2588158E+17
1042.0000,0.63400000,2.2621394E+17
1043.0000,0.62800000,2.2654347E+17
1044.0000,0.63100000,2.2687490E+17
1045.0000,0.62700000,2.2720453E+17
1046.0000,0.61100000,2.2752607E+17
1047.0000,0.62000000,2.2785265E+17
1048.0000,0.62600000,2.2818271E+17
1049.0000,0.62200000,2.2851097E+17
1050.0000,0.61800000,2.2883743E+17
1051.0000,0.61900000,2.2916474E+17
1052.0000,0.61500000,2.2949023E+17
1053.0000,0.61300000,2.2981498E+17
1054.0000,0.61000000,2.3013844E+17
1055.0000,0.61200000,2.3046327E+17
1056.0000,0.61100000,2.3078788E+17
1057.0000,0.60900000,2.3111173E+17
1058.0000,0.60300000,2.3143270E+17
1059.0000,0.58500000,2.3174438E+17
1060.0000,0.60100000,2.3206488E+17
1061.0000,0.58700000,2.3237822E+17
1062.0000,0.59800000,2.3269772E+17
1063.0000,0.58800000,2.3301218E+17
1064.0000,0.59700000,2.3333176E+17
1065.0000,0.59500000,2.3365056E+17
1066.0000,0.58300000,2.3396323E+17
1067.0000,0.58600000,2.3427780E+17
1068.0000,0.58600000,2.3459266E+17
1069.0000,0.55400000,2.3489061E+17
1070.0000,0.57200000,2.3519853E+17
1071.0000,0.58300000,2.3551266E+17
1072.0000,0.58200000,2.3582655E+17
1073.0000,0.57100000,2.3613479E+17
1074.0000,0.58800000,2.3645250E+17
1075.0000,0.56100000,2.3675591E+17
1076.0000,0.58100000,2.3707043E+17
1077.0000,0.57200000,2.3738036E+17
1078.0000,0.57100000,2.3769004E+17
1079.0000,0.57200000,2.3800054E+17
1080.0000,0.56500000,2.3830753E+17
1081.0000,0.55000000,2.3860665E+17
1082.0000,0.55800000,2.3891040E+17
1083.0000,0.56600000,2.3921879E+17
1084.0000,0.54800000,2.3951765E+17
1085.0000,0.56200000,2.3982443E+17
1086.0000,0.52500000,2.4011127E+17
1087.0000,0.53700000,2.4040494E+17
1088.0000,0.56200000,2.4071256E+17
1089.0000,0.54900000,2.4101335E+17
1090.0000,0.52700000,2.4130234E+17
1091.0000,0.55700000,2.4160807E+17
1092.0000,0.55000000,2.4191023E+17
1093.0000,0.48400000,2.4217638E+17
1094.0000,0.51100000,2.4245763E+17
1095.0000,0.49400000,2.4272977E+17
1096.0000,0.47700000,2.4299279E+17
1097.0000,0.54800000,2.4329523E+17
1098.0000,0.47700000,2.4355873E+17
1099.0000,0.48200000,2.4382523E+17
1100.0000,0.46100000,2.4408035E+17
1101.0000,0.47200000,2.4434180E+17
1102.0000,0.44500000,2.4458851E+17
1103.0000,0.44300000,2.4483434E+17
1104.0000,0.44400000,2.4508095E+17
1105.0000,0.48100000,2.4534835E+17
1106.0000,0.37800000,2.4555868E+17
1107.0000,0.45900000,2.4581431E+17
1108.0000,0.39500000,2.4603450E+17
1109.0000,0.39200000,2.4625321E+17
1110.0000,0.45500000,2.4650730E+17
1111.0000,0.31600000,2.4668393E+17
1112.0000,0.39300000,2.4690379E+17
1113.0000,0.25600000,2.4704714E+17
1114.0000,0.28600000,2.4720743E+17
1115.0000,0.23800000,2.4734094E+17
1116.0000,0.19200000,2.4744874E+17
1117.0000,7.6200000E-2,2.4749156E+17
1118.0000,0.20800000,2.4760855E+17
1119.0000,0.10800000,2.4766935E+17
1120.0000,0.13600000,2.4774599E+17
1121.0000,0.17800000,2.4784637E+17
1122.0000,7.8200000E-2,2.4789052E+17
1123.0000,0.12300000,2.4796001E+17
1124.0000,0.10400000,2.4801882E+17
1125.0000,0.13800000,2.4809693E+17
1126.0000,4.9400000E-2,2.4812491E+17
1127.0000,0.15000000,2.4820996E+17
1128.0000,9.4900000E-2,2.4826382E+17
1129.0000,0.10100000,2.4832118E+17
1130.0000,6.7600000E-2,2.4835961E+17
1131.0000,0.28200000,2.4852007E+17
1132.0000,0.22400000,2.4864764E+17
1133.0000,0.14700000,2.4873144E+17
1134.0000,4.0000000E-2,2.4875426E+17
1135.0000,1.4800000E-2,2.4876271E+17
1136.0000,0.12300000,2.4883301E+17
1137.0000,0.27500000,2.4899031E+17
1138.0000,0.19400000,2.4910138E+17
1139.0000,0.28500000,2.4926470E+17
1140.0000,0.24400000,2.4940464E+17
1141.0000,0.18500000,2.4951084E+17
1142.0000,0.21500000,2.4963436E+17
1143.0000,0.29800000,2.4980573E+17
1144.0000,0.10800000,2.4986788E+17
1145.0000,0.14000000,2.4994853E+17
1146.0000,0.15100000,2.5003559E+17
1147.0000,5.6700000E-2,2.5006831E+17
1148.0000,0.25900000,2.5021790E+17
1149.0000,0.20900000,2.5033871E+17
1150.0000,0.11600000,2.5040583E+17
1151.0000,0.19500000,2.5051875E+17
1152.0000,0.23700000,2.5065610E+17
1153.0000,0.22800000,2.5078836E+17
1154.0000,0.13600000,2.5086732E+17
1155.0000,0.29900000,2.5104106E+17
1156.0000,0.26800000,2.5119693E+17
1157.0000,0.30000000,2.5137155E+17
1158.0000,0.29800000,2.5154517E+17
1159.0000,0.32200000,2.5173292E+17
1160.0000,0.27400000,2.5189283E+17
1161.0000,0.33200000,2.5208675E+17
1162.0000,0.33400000,2.5228201E+17
1163.0000,0.44600000,2.5254296E+17
1164.0000,0.38300000,2.5276725E+17
1165.0000,0.37100000,2.5298470E+17
1166.0000,0.35800000,2.5319471E+17
1167.0000,0.39100000,2.5342427E+17
1168.0000,0.40000000,2.5365932E+17
1169.0000,0.40300000,2.5389633E+17
1170.0000,0.43700000,2.5415356E+17
1171.0000,0.42800000,2.5440571E+17
1172.0000,0.43400000,2.5466161E+17
1173.0000,0.43500000,2.5491832E+17
1174.0000,0.32200000,2.5510851E+17
1175.0000,0.43100000,2.5536329E+17
1176.0000,0.45400000,2.5563190E+17
1177.0000,0.45000000,2.5589837E+17
1178.0000,0.34400000,2.5610224E+17
1179.0000,0.46100000,2.5637568E+17
1180.0000,0.42100000,2.5662561E+17
1181.0000,0.43400000,2.5688348E+17
1182.0000,0.30900000,2.5706723E+17
1183.0000,0.41900000,2.5731661E+17
1184.0000,0.40100000,2.5755547E+17
1185.0000,0.38900000,2.5778738E+17
1186.0000,0.45500000,2.5805887E+17
1187.0000,0.43500000,2.5831864E+17
1188.0000,0.32000000,2.5850990E+17
1189.0000,0.39700000,2.5874738E+17
1190.0000,0.44100000,2.5901141E+17
1191.0000,0.42600000,2.5926666E+17
1192.0000,0.45200000,2.5953772E+17
1193.0000,0.43400000,2.5979821E+17
1194.0000,0.44800000,2.6006733E+17
1195.0000,0.42700000,2.6032404E+17
1196.0000,0.41200000,2.6057194E+17
1197.0000,0.45500000,2.6084595E+17
1198.0000,0.41400000,2.6109547E+17
1199.0000,0.34900000,2.6130600E+17
1200.0000,0.42800000,2.6156439E+17
1201.0000,0.41700000,2.6181635E+17
1202.0000,0.41700000,2.6206852E+17
1203.0000,0.41400000,2.6231909E+17
1204.0000,0.34600000,2.6252867E+17
1205.0000,0.41700000,2.6278147E+17
1206.0000,0.45900000,2.6305996E+17
1207.0000,0.41000000,2.6330893E+17
1208.0000,0.41400000,2.6356054E+17
1209.0000,0.39500000,2.6380080E+17
1210.0000,0.43300000,2.6406439E+17
1211.0000,0.40300000,2.6430992E+17
1212.0000,0.40600000,2.6455748E+17
1213.0000,0.44800000,2.6483088E+17
1214.0000,0.41400000,2.6508373E+17
1215.0000,0.40900000,2.6533374E+17
1216.0000,0.44500000,2.6560598E+17
1217.0000,0.43500000,2.6587232E+17
1218.0000,0.43800000,2.6614071E+17
1219.0000,0.42600000,2.6640197E+17
1220.0000,0.43700000,2.6667019E+17
1221.0000,0.44400000,2.6694294E+17
1222.0000,0.43100000,2.6720791E+17
1223.0000,0.42400000,2.6746879E+17
1224.0000,0.42800000,2.6773236E+17
1225.0000,0.44100000,2.6800414E+17
1226.0000,0.44700000,2.6827985E+17
1227.0000,0.41400000,2.6853542E+17
1228.0000,0.44500000,2.6881034E+17
1229.0000,0.44600000,2.6908611E+17
1230.0000,0.43900000,2.6935777E+17
1231.0000,0.45100000,2.6963708E+17
1232.0000,0.44500000,2.6991290E+17
1233.0000,0.43400000,2.7018212E+17
1234.0000,0.44900000,2.7046087E+17
1235.0000,0.44400000,2.7073674E+17
1236.0000,0.44800000,2.7101532E+17
1237.0000,0.44300000,2.7129102E+17
1238.0000,0.44700000,2.7156942E+17
1239.0000,0.44200000,2.7184494E+17
1240.0000,0.44000000,2.7211943E+17
1241.0000,0.44100000,2.7239477E+17
1242.0000,0.44200000,2.7267095E+17
1243.0000,0.43700000,2.7294423E+17
1244.0000,0.43500000,2.7321648E+17
1245.0000,0.43600000,2.7348958E+17
1246.0000,0.43900000,2.7376477E+17
1247.0000,0.43700000,2.7403893E+17
1248.0000,0.43800000,2.7431393E+17
1249.0000,0.43900000,2.7458979E+17
1250.0000,0.43700000,2.7486461E+17
1251.0000,0.43300000,2.7513713E+17
1252.0000,0.43100000,2.7540861E+17
1253.0000,0.42800000,2.7567841E+17
1254.0000,0.42400000,2.7594591E+17
1255.0000,0.43100000,2.7621804E+17
1256.0000,0.42100000,2.7648407E+17
1257.0000,0.41600000,2.7674714E+17
1258.0000,0.42500000,2.7701613E+17
1259.0000,0.40900000,2.7727519E+17
1260.0000,0.41200000,2.7753636E+17
1261.0000,0.39400000,2.7778632E+17
1262.0000,0.37900000,2.7802695E+17
1263.0000,0.38300000,2.7827031E+17
1264.0000,0.35600000,2.7849670E+17
1265.0000,0.37900000,2.7873790E+17
1266.0000,0.36900000,2.7897293E+17
1267.0000,0.37200000,2.7921005E+17
1268.0000,0.35500000,2.7943652E+17
1269.0000,0.23700000,2.7958783E+17
1270.0000,0.37100000,2.7982487E+17
1271.0000,0.39100000,2.8007490E+17
1272.0000,0.39100000,2.8032511E+17
1273.0000,0.38900000,2.8057425E+17
1274.0000,0.38900000,2.8082358E+17
1275.0000,0.39500000,2.8107695E+17
1276.0000,0.39900000,2.8133309E+17
1277.0000,0.40200000,2.8159136E+17
1278.0000,0.40900000,2.8185433E+17
1279.0000,0.40600000,2.8211558E+17
1280.0000,0.40400000,2.8237574E+17
1281.0000,0.39600000,2.8263095E+17
1282.0000,0.35700000,2.8286121E+17
1283.0000,0.39000000,2.8311295E+17
1284.0000,0.40300000,2.8337328E+17
1285.0000,0.40600000,2.8363575E+17
1286.0000,0.40900000,2.8390037E+17
1287.0000,0.40400000,2.8416195E+17
1288.0000,0.40200000,2.8442245E+17
1289.0000,0.39200000,2.8467666E+17
1290.0000,0.39500000,2.8493301E+17
1291.0000,0.40000000,2.8519281E+17
1292.0000,0.37900000,2.8543917E+17
1293.0000,0.39500000,2.8569612E+17
1294.0000,0.38700000,2.8594806E+17
1295.0000,0.38800000,2.8620085E+17
1296.0000,0.37300000,2.8644405E+17
1297.0000,0.35600000,2.8667635E+17
1298.0000,0.37500000,2.8692123E+17
1299.0000,0.39100000,2.8717676E+17
1300.0000,0.33900000,2.8739848E+17
1301.0000,0.34700000,2.8762560E+17
1302.0000,0.37500000,2.8787124E+17
1303.0000,0.33200000,2.8808888E+17
1304.0000,0.28800000,2.8827782E+17
1305.0000,0.36800000,2.8851943E+17
1306.0000,0.36900000,2.8876188E+17
1307.0000,0.29400000,2.8895520E+17
1308.0000,0.33300000,2.8917433E+17
1309.0000,0.36800000,2.8941668E+17
1310.0000,0.28900000,2.8960715E+17
1311.0000,0.32000000,2.8981821E+17
1312.0000,0.32000000,2.9002943E+17
1313.0000,0.30100000,2.9022826E+17
1314.0000,0.27700000,2.9041138E+17
1315.0000,0.27400000,2.9059265E+17
1316.0000,0.31100000,2.9079856E+17
1317.0000,0.30000000,2.9099734E+17
1318.0000,0.32000000,2.9120952E+17
1319.0000,0.25800000,2.9138073E+17
1320.0000,0.24900000,2.9154609E+17
1321.0000,0.28700000,2.9173683E+17
1322.0000,0.29000000,2.9192971E+17
1323.0000,0.22400000,2.9207880E+17
1324.0000,0.25200000,2.9224666E+17
1325.0000,0.30900000,2.9245264E+17
1326.0000,0.27000000,2.9263276E+17
1327.0000,0.25600000,2.9280367E+17
1328.0000,0.22600000,2.9295467E+17
1329.0000,0.17100000,2.9306900E+17
1330.0000,0.22100000,2.9321688E+17
1331.0000,0.14000000,2.9331062E+17
1332.0000,0.14000000,2.9340444E+17
1333.0000,0.19500000,2.9353522E+17
1334.0000,0.16300000,2.9364461E+17
1335.0000,0.22200000,2.9379372E+17
1336.0000,0.17700000,2.9391268E+17
1337.0000,0.15900000,2.9401964E+17
1338.0000,0.17200000,2.9413542E+17
1339.0000,0.17000000,2.9424994E+17
1340.0000,0.16200000,2.9435915E+17
1341.0000,0.16400000,2.9446979E+17
1342.0000,0.17100000,2.9458525E+17
1343.0000,0.12300000,2.9466835E+17
1344.0000,7.3000000E-2,2.9471771E+17
1345.0000,0.10500000,2.9478876E+17
1346.0000,5.6200000E-2,2.9482682E+17
1347.0000,5.8100000E-2,2.9486619E+17
1348.0000,4.5900000E-3,2.9486931E+17
1349.0000,1.5600000E-2,2.9487989E+17
1350.0000,1.5500000E-2,2.9489042E+17
1351.0000,4.4800000E-3,2.9489347E+17
1352.0000,1.4700000E-3,2.9489447E+17
1353.0000,9.2900000E-5,2.9489453E+17
1354.0000,2.8100000E-4,2.9489472E+17
1355.0000,3.4800000E-6,2.9489472E+17
1356.0000,4.6500000E-5,2.9489476E+17
1357.0000,6.9400000E-5,2.9489480E+17
1358.0000,4.0600000E-6,2.9489481E+17
1359.0000,7.1000000E-7,2.9489481E+17
1360.0000,2.0700000E-6,2.9489481E+17
1361.0000,4.6600000E-9,2.9489481E+17
1362.0000,1.7500000E-11,2.9489481E+17
1363.0000,3.0500000E-6,2.9489481E+17
1364.0000,1.3200000E-6,2.9489481E+17
1365.0000,8.7800000E-12,2.9489481E+17
1366.0000,1.2400000E-5,2.9489482E+17
1367.0000,4.8200000E-6,2.9489482E+17
1368.0000,1.4300000E-13,2.9489482E+17
1369.0000,5.0000000E-7,2.9489482E+17
1370.0000,2.8300000E-7,2.9489482E+17
1371.0000,1.9100000E-8,2.9489482E+17
1372.0000,2.6600000E-6,2.9489483E+17
1373.0000,4.3000000E-5,2.9489485E+17
1374.0000,1.7400000E-4,2.9489498E+17
1375.0000,3.1300000E-4,2.9489519E+17
1376.0000,2.4900000E-4,2.9489536E+17
1377.0000,1.1900000E-4,2.9489545E+17
1378.0000,1.0700000E-3,2.9489619E+17
1379.0000,5.0500000E-5,2.9489622E+17
1380.0000,7.9000000E-5,2.9489628E+17
1381.0000,2.3000000E-6,2.9489628E+17
1382.0000,2.4900000E-6,2.9489628E+17
1383.0000,4.2700000E-8,2.9489628E+17
1384.0000,5.9800000E-7,2.9489628E+17
1385.0000,2.0300000E-6,2.9489628E+17
1386.0000,2.4400000E-6,2.9489628E+17
1387.0000,1.9300000E-4,2.9489642E+17
1388.0000,3.9000000E-6,2.9489642E+17
1389.0000,5.6300000E-4,2.9489682E+17
1390.0000,4.7800000E-4,2.9489715E+17
1391.0000,3.3300000E-4,2.9489738E+17
1392.0000,2.3100000E-5,2.9489740E+17
1393.0000,1.1200000E-4,2.9489748E+17
1394.0000,7.3300000E-5,2.9489753E+17
1395.0000,6.5100000E-7,2.9489753E+17
1396.0000,6.1300000E-9,2.9489753E+17
1397.0000,4.7600000E-5,2.9489756E+17
1398.0000,1.2300000E-3,2.9489843E+17
1399.0000,7.8800000E-4,2.9489898E+17
1400.0000,3.1500000E-9,2.9489898E+17
1401.0000,1.0200000E-8,2.9489898E+17
1402.0000,1.7800000E-3,2.9490024E+17
1403.0000,2.3100000E-3,2.9490187E+17
1404.0000,7.1800000E-4,2.9490238E+17
1405.0000,3.5400000E-7,2.9490238E+17
1406.0000,1.9900000E-3,2.9490378E+17
1407.0000,1.7000000E-4,2.9490390E+17
1408.0000,1.6000000E-3,2.9490504E+17
1409.0000,6.0200000E-4,2.9490546E+17
1410.0000,4.5300000E-4,2.9490579E+17
1411.0000,2.0500000E-3,2.9490724E+17
1412.0000,2.5700000E-3,2.9490907E+17
1413.0000,2.2700000E-2,2.9492520E+17
1414.0000,3.5400000E-4,2.9492546E+17
1415.0000,1.7900000E-4,2.9492558E+17
1416.0000,3.4600000E-2,2.9495023E+17
1417.0000,1.1400000E-2,2.9495836E+17
1418.0000,1.3200000E-2,2.9496778E+17
1419.0000,2.0900000E-3,2.9496927E+17
1420.0000,8.0400000E-3,2.9497501E+17
1421.0000,8.9100000E-3,2.9498138E+17
1422.0000,4.5000000E-2,2.9501357E+17
1423.0000,8.9700000E-3,2.9502000E+17
1424.0000,1.6500000E-2,2.9503182E+17
1425.0000,2.5100000E-2,2.9504981E+17
1426.0000,2.7000000E-2,2.9506918E+17
1427.0000,4.8200000E-2,2.9510379E+17
1428.0000,4.4400000E-3,2.9510698E+17
1429.0000,3.7000000E-2,2.9513358E+17
1430.0000,5.9900000E-2,2.9517667E+17
1431.0000,4.8800000E-2,2.9521180E+17
1432.0000,2.4500000E-3,2.9521357E+17
1433.0000,3.4900000E-2,2.9523873E+17
1434.0000,2.0400000E-2,2.9525345E+17
1435.0000,2.0800000E-2,2.9526846E+17
1436.0000,3.7300000E-2,2.9529541E+17
1437.0000,2.9100000E-2,2.9531645E+17
1438.0000,1.2900000E-2,2.9532578E+17
1439.0000,4.9700000E-2,2.9536176E+17
1440.0000,3.8500000E-2,2.9538965E+17
1441.0000,3.1000000E-2,2.9541213E+17
1442.0000,3.5400000E-2,2.9543781E+17
1443.0000,4.3900000E-2,2.9546968E+17
1444.0000,6.0100000E-2,2.9551334E+17
1445.0000,4.8400000E-2,2.9554853E+17
1446.0000,2.2500000E-2,2.9556490E+17
1447.0000,3.5300000E-2,2.9559059E+17
1448.0000,0.11300000,2.9567291E+17
1449.0000,9.9400000E-2,2.9574537E+17
1450.0000,2.6700000E-2,2.9576485E+17
1451.0000,1.1000000E-2,2.9577288E+17
1452.0000,6.0700000E-2,2.9581722E+17
1453.0000,7.9800000E-2,2.9587556E+17
1454.0000,0.13400000,2.9597358E+17
1455.0000,6.4400000E-2,2.9602072E+17
1456.0000,8.6200000E-2,2.9608386E+17
1457.0000,0.11400000,2.9616743E+17
1458.0000,0.13300000,2.9626499E+17
1459.0000,0.15900000,2.9638170E+17
1460.0000,8.3200000E-2,2.9644281E+17
1461.0000,8.7900000E-2,2.9650742E+17
1462.0000,0.12700000,2.9660083E+17
1463.0000,4.2100000E-2,2.9663182E+17
1464.0000,0.14800000,2.9674083E+17
1465.0000,9.0900000E-2,2.9680782E+17
1466.0000,6.3500000E-2,2.9685466E+17
1467.0000,3.5100000E-2,2.9688056E+17
1468.0000,7.4900000E-2,2.9693588E+17
1469.0000,9.2300000E-2,2.9700410E+17
1470.0000,4.8400000E-2,2.9703989E+17
1471.0000,1.7400000E-2,2.9705277E+17
1472.0000,4.5600000E-2,2.9708654E+17
1473.0000,6.8400000E-2,2.9713723E+17
1474.0000,9.4800000E-2,2.9720753E+17
1475.0000,0.18000000,2.9734110E+17
1476.0000,6.7000000E-2,2.9739085E+17
1477.0000,6.7900000E-2,2.9744131E+17
1478.0000,6.1800000E-2,2.9748726E+17
1479.0000,0.11700000,2.9757432E+17
1480.0000,5.9100000E-2,2.9761832E+17
1481.0000,0.11200000,2.9770177E+17
1482.0000,5.7000000E-2,2.9774427E+17
1483.0000,0.14500000,2.9785246E+17
1484.0000,0.13400000,2.9795250E+17
1485.0000,0.12200000,2.9804365E+17
1486.0000,0.12000000,2.9813336E+17
1487.0000,5.9000000E-2,2.9817750E+17
1488.0000,9.1700000E-2,2.9824615E+17
1489.0000,0.18400000,2.9838399E+17
1490.0000,0.17000000,2.9851142E+17
1491.0000,0.19200000,2.9865544E+17
1492.0000,0.16000000,2.9877554E+17
1493.0000,0.17700000,2.9890849E+17
1494.0000,0.19800000,2.9905732E+17
1495.0000,0.17700000,2.9919045E+17
1496.0000,0.16400000,2.9931388E+17
1497.0000,0.22200000,2.9948108E+17
1498.0000,0.18400000,2.9961975E+17
1499.0000,0.21100000,2.9977887E+17
1500.0000,0.24300000,2.9996225E+17
1501.0000,0.25800000,3.0015708E+17
1502.0000,0.22700000,3.0032862E+17
1503.0000,0.18000000,3.0046472E+17
1504.0000,0.15600000,3.0058276E+17
1505.0000,0.17900000,3.0071830E+17
1506.0000,0.25000000,3.0090771E+17
1507.0000,0.24800000,3.0109574E+17
1508.0000,0.23600000,3.0127479E+17
1509.0000,0.18200000,3.0141296E+17
1510.0000,0.26300000,3.0161276E+17
1511.0000,0.25700000,3.0180812E+17
1512.0000,0.25300000,3.0200058E+17
1513.0000,0.23500000,3.0217946E+17
1514.0000,0.21900000,3.0234627E+17
1515.0000,0.25800000,3.0254291E+17
1516.0000,0.24900000,3.0273283E+17
1517.0000,0.24200000,3.0291752E+17
1518.0000,0.24500000,3.0310463E+17
1519.0000,0.23700000,3.0328575E+17
1520.0000,0.25700000,3.0348228E+17
1521.0000,0.26700000,3.0368659E+17
1522.0000,0.25600000,3.0388262E+17
1523.0000,0.27200000,3.0409103E+17
1524.0000,0.26700000,3.0429574E+17
1525.0000,0.25100000,3.0448832E+17
1526.0000,0.26000000,3.0468793E+17
1527.0000,0.25500000,3.0488383E+17
1528.0000,0.27100000,3.0509216E+17
1529.0000,0.26500000,3.0529601E+17
1530.0000,0.24800000,3.0548690E+17
1531.0000,0.26200000,3.0568871E+17
1532.0000,0.27000000,3.0589681E+17
1533.0000,0.26900000,3.0610428E+17
1534.0000,0.26100000,3.0630570E+17
1535.0000,0.25900000,3.0650572E+17
1536.0000,0.26700000,3.0671205E+17
1537.0000,0.26600000,3.0691774E+17
1538.0000,0.26400000,3.0712201E+17
1539.0000,0.26500000,3.0732719E+17
1540.0000,0.25700000,3.0752631E+17
1541.0000,0.26100000,3.0772866E+17
1542.0000,0.26200000,3.0793191E+17
1543.0000,0.26400000,3.0813685E+17
1544.0000,0.26400000,3.0834192E+17
1545.0000,0.26900000,3.0855101E+17
1546.0000,0.26700000,3.0875869E+17
1547.0000,0.26500000,3.0896493E+17
1548.0000,0.25900000,3.0916664E+17
1549.0000,0.26600000,3.0937394E+17
1550.0000,0.26200000,3.0957825E+17
1551.0000,0.26300000,3.0978347E+17
1552.0000,0.26400000,3.0998960E+17
1553.0000,0.26400000,3.1019587E+17
1554.0000,0.25700000,3.1039680E+17
1555.0000,0.26000000,3.1060020E+17
1556.0000,0.25600000,3.1080060E+17
1557.0000,0.26300000,3.1100662E+17
1558.0000,0.26100000,3.1121120E+17
1559.0000,0.26100000,3.1141591E+17
1560.0000,0.25800000,3.1161840E+17
1561.0000,0.26200000,3.1182416E+17
1562.0000,0.26000000,3.1202848E+17
1563.0000,0.25900000,3.1223214E+17
1564.0000,0.25500000,3.1243279E+17
1565.0000,0.26000000,3.1263750E+17
1566.0000,0.25500000,3.1283840E+17
1567.0000,0.25600000,3.1304022E+17
1568.0000,0.25000000,3.1323744E+17
1569.0000,0.24700000,3.1343241E+17
1570.0000,0.23500000,3.1361803E+17
1571.0000,0.22900000,3.1379902E+17
1572.0000,0.23100000,3.1398172E+17
1573.0000,0.22800000,3.1416215E+17
1574.0000,0.23500000,3.1434824E+17
1575.0000,0.23300000,3.1453287E+17
1576.0000,0.24000000,3.1472316E+17
1577.0000,0.21000000,3.1488977E+17
1578.0000,0.22900000,3.1507157E+17
1579.0000,0.23000000,3.1525428E+17
1580.0000,0.23800000,3.1544347E+17
1581.0000,0.24200000,3.1563596E+17
1582.0000,0.23500000,3.1582300E+17
1583.0000,0.24100000,3.1601493E+17
1584.0000,0.24200000,3.1620778E+17
1585.0000,0.25100000,3.1640793E+17
1586.0000,0.24800000,3.1660582E+17
1587.0000,0.24600000,3.1680223E+17
1588.0000,0.24400000,3.1699717E+17
1589.0000,0.22600000,3.1717784E+17
1590.0000,0.23500000,3.1736582E+17
1591.0000,0.23500000,3.1755392E+17
1592.0000,0.24500000,3.1775015E+17
1593.0000,0.25100000,3.1795131E+17
1594.0000,0.24900000,3.1815100E+17
1595.0000,0.25100000,3.1835241E+17
1596.0000,0.23800000,3.1854351E+17
1597.0000,0.24000000,3.1873634E+17
1598.0000,0.24700000,3.1893492E+17
1599.0000,0.23500000,3.1912396E+17
1600.0000,0.23100000,3.1930991E+17
1601.0000,0.21700000,3.1948470E+17
1602.0000,0.21800000,3.1966040E+17
1603.0000,0.21800000,3.1983621E+17
1604.0000,0.22200000,3.2001536E+17
1605.0000,0.23000000,3.2020107E+17
1606.0000,0.23500000,3.2039095E+17
1607.0000,0.22600000,3.2057367E+17
1608.0000,0.22300000,3.2075407E+17
1609.0000,0.22100000,3.2093297E+17
1610.0000,0.21100000,3.2110388E+17
1611.0000,0.22000000,3.2128219E+17
1612.0000,0.22400000,3.2146385E+17
1613.0000,0.23000000,3.2165049E+17
1614.0000,0.23200000,3.2183888E+17
1615.0000,0.23400000,3.2202901E+17
1616.0000,0.22400000,3.2221112E+17
1617.0000,0.22800000,3.2239660E+17
1618.0000,0.23700000,3.2258952E+17
1619.0000,0.23400000,3.2278012E+17
1620.0000,0.22800000,3.2296595E+17
1621.0000,0.22800000,3.2315189E+17
1622.0000,0.23100000,3.2334039E+17
1623.0000,0.23600000,3.2353309E+17
1624.0000,0.23600000,3.2372591E+17
1625.0000,0.23100000,3.2391476E+17
1626.0000,0.23300000,3.2410537E+17
1627.0000,0.23400000,3.2429691E+17
1628.0000,0.23400000,3.2448856E+17
1629.0000,0.23500000,3.2468116E+17
1630.0000,0.23000000,3.2486977E+17
1631.0000,0.23100000,3.2505932E+17
1632.0000,0.23200000,3.2524980E+17
1633.0000,0.22600000,3.2543548E+17
1634.0000,0.22600000,3.2562126E+17
1635.0000,0.22700000,3.2580799E+17
1636.0000,0.22900000,3.2599647E+17
1637.0000,0.22100000,3.2617848E+17
1638.0000,0.21400000,3.2635483E+17
1639.0000,0.21400000,3.2653129E+17
1640.0000,0.20900000,3.2670374E+17
1641.0000,0.21300000,3.2687959E+17
1642.0000,0.21500000,3.2705720E+17
1643.0000,0.20900000,3.2722996E+17
1644.0000,0.21700000,3.2740944E+17
1645.0000,0.21200000,3.2758489E+17
1646.0000,0.21100000,3.2775962E+17
1647.0000,0.22100000,3.2794274E+17
1648.0000,0.21100000,3.2811768E+17
1649.0000,0.21300000,3.2829439E+17
1650.0000,0.21900000,3.2847618E+17
1651.0000,0.20300000,3.2864480E+17
1652.0000,0.21800000,3.2882598E+17
1653.0000,0.21700000,3.2900645E+17
1654.0000,0.21000000,3.2918119E+17
1655.0000,0.21600000,3.2936104E+17
1656.0000,0.21500000,3.2954017E+17
1657.0000,0.21600000,3.2972023E+17
1658.0000,0.21900000,3.2990291E+17
1659.0000,0.21500000,3.3008236E+17
1660.0000,0.21700000,3.3026358E+17
1661.0000,0.21800000,3.3044576E+17
1662.0000,0.21300000,3.3062386E+17
1663.0000,0.21600000,3.3080457E+17
1664.0000,0.21500000,3.3098456E+17
1665.0000,0.20600000,3.3115712E+17
1666.0000,0.17400000,3.3130296E+17
1667.0000,0.20500000,3.3147489E+17
1668.0000,0.20900000,3.3165028E+17
1669.0000,0.20900000,3.3182577E+17
1670.0000,0.21600000,3.3200725E+17
1671.0000,0.21300000,3.3218631E+17
1672.0000,0.20600000,3.3235960E+17
1673.0000,0.21100000,3.3253719E+17
1674.0000,0.21000000,3.3271405E+17
1675.0000,0.20800000,3.3288933E+17
1676.0000,0.20600000,3.3306303E+17
1677.0000,0.20700000,3.3323768E+17
1678.0000,0.20400000,3.3340989E+17
1679.0000,0.20700000,3.3358475E+17
1680.0000,0.20000000,3.3375379E+17
1681.0000,0.18900000,3.3391363E+17
1682.0000,0.19800000,3.3408118E+17
1683.0000,0.20400000,3.3425391E+17
1684.0000,0.19300000,3.3441743E+17
1685.0000,0.20800000,3.3459375E+17
1686.0000,0.20500000,3.3476764E+17
1687.0000,0.20000000,3.3493738E+17
1688.0000,0.20500000,3.3511148E+17
1689.0000,0.20200000,3.3528312E+17
1690.0000,0.20000000,3.3545317E+17
1691.0000,0.18800000,3.3561311E+17
1692.0000,0.20200000,3.3578506E+17
1693.0000,0.20600000,3.3596052E+17
1694.0000,0.20000000,3.3613097E+17
1695.0000,0.20400000,3.3630494E+17
1696.0000,0.20400000,3.3647900E+17
1697.0000,0.17600000,3.3662926E+17
1698.0000,0.20200000,3.3680183E+17
1699.0000,0.20000000,3.3697278E+17
1700.0000,0.19500000,3.3722295E+17
1702.0000,0.19900000,3.3764894E+17
1705.0000,0.19300000,3.3831115E+17
1710.0000,0.18300000,3.3909833E+17
1715.0000,0.18500000,3.3989644E+17
1720.0000,0.18200000,3.4068389E+17
1725.0000,0.17400000,3.4143892E+17
1730.0000,0.17000000,3.4217873E+17
1735.0000,0.15800000,3.4286830E+17
1740.0000,0.16400000,3.4358613E+17
1745.0000,0.15100000,3.4424895E+17
1750.0000,0.16200000,3.4496209E+17
1755.0000,0.14900000,3.4561989E+17
1760.0000,0.15600000,3.4631054E+17
1765.0000,0.13000000,3.4688772E+17
1770.0000,0.13800000,3.4750216E+17
1775.0000,0.11200000,3.4800224E+17
1780.0000,9.8100000E-2,3.4844150E+17
1785.0000,7.5200000E-2,3.4877916E+17
1790.0000,8.6800000E-2,3.4917000E+17
1795.0000,4.5900000E-2,3.4937725E+17
1800.0000,3.1100000E-2,3.4951807E+17
1805.0000,1.4500000E-2,3.4958390E+17
1810.0000,9.4800000E-3,3.4962707E+17
1815.0000,3.2100000E-3,3.4964172E+17
1820.0000,9.6600000E-4,3.4964614E+17
1825.0000,1.2500000E-3,3.4965188E+17
1830.0000,5.0900000E-6,3.4965191E+17
1835.0000,6.2800000E-6,3.4965194E+17
1840.0000,6.1300000E-8,3.4965194E+17
1845.0000,6.1300000E-6,3.4965196E+17
1850.0000,2.9300000E-6,3.4965198E+17
1855.0000,2.7800000E-7,3.4965198E+17
1860.0000,1.0900000E-5,3.4965203E+17
1865.0000,1.6600000E-5,3.4965211E+17
1870.0000,2.6100000E-10,3.4965211E+17
1875.0000,4.4300000E-10,3.4965211E+17
1880.0000,7.6100000E-5,3.4965247E+17
1885.0000,4.3100000E-5,3.4965267E+17
1890.0000,2.2000000E-4,3.4965372E+17
1895.0000,1.2700000E-4,3.4965432E+17
1900.0000,8.4900000E-7,3.4965433E+17
1905.0000,5.5800000E-7,3.4965433E+17
1910.0000,2.2700000E-5,3.4965444E+17
1915.0000,1.9700000E-5,3.4965453E+17
1920.0000,4.4500000E-4,3.4965668E+17
1925.0000,9.2300000E-4,3.4966115E+17
1930.0000,5.4500000E-4,3.4966380E+17
1935.0000,3.5400000E-3,3.4968103E+17
1940.0000,3.2400000E-3,3.4969684E+17
1945.0000,1.0700000E-2,3.4974919E+17
1950.0000,1.6500000E-2,3.4983013E+17
1955.0000,9.8900000E-3,3.4987877E+17
1960.0000,2.1600000E-2,3.4998526E+17
1965.0000,2.8100000E-2,3.5012416E+17
1970.0000,4.8100000E-2,3.5036252E+17
1975.0000,6.6700000E-2,3.5069390E+17
1980.0000,7.4200000E-2,3.5106346E+17
1985.0000,8.1600000E-2,3.5147091E+17
1990.0000,8.4100000E-2,3.5189191E+17
1995.0000,7.9800000E-2,3.5229238E+17
2000.0000,3.7500000E-2,3.5248104E+17
2005.0000,1.4700000E-2,3.5255518E+17
2010.0000,3.9100000E-2,3.5275288E+17
2015.0000,2.6200000E-2,3.5288568E+17
2020.0000,4.4200000E-2,3.5311027E+17
2025.0000,7.2800000E-2,3.5348111E+17
2030.0000,8.3500000E-2,3.5390750E+17
2035.0000,9.4800000E-2,3.5439278E+17
2040.0000,8.8300000E-2,3.5484591E+17
2045.0000,8.9600000E-2,3.5530683E+17
2050.0000,6.6900000E-2,3.5565181E+17
2055.0000,5.4100000E-2,3.5593148E+17
2060.0000,6.8200000E-2,3.5628488E+17
2065.0000,6.1000000E-2,3.5660175E+17
2070.0000,6.4700000E-2,3.5693865E+17
2075.0000,7.6300000E-2,3.5733691E+17
2080.0000,8.5500000E-2,3.5778427E+17
2085.0000,8.3800000E-2,3.5822378E+17
2090.0000,8.7800000E-2,3.5868538E+17
2095.0000,8.8400000E-2,3.5915125E+17
2100.0000,8.4900000E-2,3.5959974E+17
2105.0000,9.1800000E-2,3.6008583E+17
2110.0000,8.8300000E-2,3.6055450E+17
2115.0000,9.0300000E-2,3.6103492E+17
2120.0000,8.6300000E-2,3.6149515E+17
2125.0000,8.7300000E-2,3.6196181E+17
2130.0000,8.8400000E-2,3.6243546E+17
2135.0000,8.8700000E-2,3.6291183E+17
2140.0000,8.9400000E-2,3.6339309E+17
2145.0000,8.8100000E-2,3.6386845E+17
2150.0000,8.3400000E-2,3.6431951E+17
2155.0000,8.3600000E-2,3.6477269E+17
2160.0000,8.2900000E-2,3.6522313E+17
2165.0000,7.5200000E-2,3.6563267E+17
2170.0000,8.0800000E-2,3.6607373E+17
2175.0000,7.9300000E-2,3.6650760E+17
2180.0000,8.0600000E-2,3.6694959E+17
2185.0000,7.3500000E-2,3.6735358E+17
2190.0000,7.7900000E-2,3.6778272E+17
2195.0000,7.7800000E-2,3.6821230E+17
2200.0000,7.0200000E-2,3.6860079E+17
2205.0000,7.2900000E-2,3.6900515E+17
2210.0000,7.8200000E-2,3.6943988E+17
2215.0000,7.5200000E-2,3.6985888E+17
2220.0000,7.6600000E-2,3.7028665E+17
2225.0000,7.4400000E-2,3.7070307E+17
2230.0000,7.4700000E-2,3.7112210E+17
2235.0000,7.3300000E-2,3.7153421E+17
2240.0000,7.2100000E-2,3.7194047E+17
2245.0000,6.9900000E-2,3.7233522E+17
2250.0000,7.1000000E-2,3.7273707E+17
2255.0000,6.6900000E-2,3.7311655E+17
2260.0000,6.6100000E-2,3.7349234E+17
2265.0000,6.7400000E-2,3.7387635E+17
2270.0000,6.4100000E-2,3.7424238E+17
2275.0000,6.3300000E-2,3.7460463E+17
2280.0000,6.5600000E-2,3.7498087E+17
2285.0000,6.2400000E-2,3.7533954E+17
2290.0000,6.2500000E-2,3.7569957E+17
2295.0000,6.0600000E-2,3.7604942E+17
2300.0000,5.8200000E-2,3.7638614E+17
2305.0000,5.8500000E-2,3.7672534E+17
2310.0000,6.3200000E-2,3.7709258E+17
2315.0000,5.7500000E-2,3.7742743E+17
2320.0000,5.1500000E-2,3.7772798E+17
2325.0000,5.5600000E-2,3.7805316E+17
2330.0000,5.6200000E-2,3.7838256E+17
2335.0000,5.7400000E-2,3.7871971E+17
2340.0000,4.5400000E-2,3.7898694E+17
2345.0000,5.0900000E-2,3.7928719E+17
2350.0000,4.1100000E-2,3.7953015E+17
2355.0000,4.7000000E-2,3.7980858E+17
2360.0000,4.9700000E-2,3.8010363E+17
2365.0000,4.8900000E-2,3.8039455E+17
2370.0000,3.0500000E-2,3.8057638E+17
2375.0000,4.3700000E-2,3.8083746E+17
2380.0000,4.2100000E-2,3.8108950E+17
2385.0000,3.0500000E-2,3.8127249E+17
2390.0000,3.6700000E-2,3.8149313E+17
2395.0000,4.0200000E-2,3.8173532E+17
2400.0000,4.3700000E-2,3.8199915E+17
2405.0000,3.3300000E-2,3.8220060E+17
2410.0000,3.3500000E-2,3.8240369E+17
2415.0000,2.7100000E-2,3.8256832E+17
2420.0000,2.6400000E-2,3.8272904E+17
2425.0000,3.2800000E-2,3.8292912E+17
2430.0000,4.4700000E-2,3.8320235E+17
2435.0000,1.4800000E-2,3.8329301E+17
2440.0000,4.2900000E-2,3.8355632E+17
2445.0000,2.0700000E-2,3.8368363E+17
2450.0000,1.3500000E-2,3.8376683E+17
2455.0000,2.4700000E-2,3.8391937E+17
2460.0000,3.3200000E-2,3.8412482E+17
2465.0000,2.4000000E-2,3.8427363E+17
2470.0000,1.6600000E-2,3.8437678E+17
2475.0000,1.6400000E-2,3.8447888E+17
2480.0000,8.0000000E-3,3.8452879E+17
2485.0000,5.5800000E-3,3.8456367E+17
2490.0000,3.5000000E-3,3.8458559E+17
2495.0000,2.8600000E-3,3.8460354E+17
2500.0000,7.0300000E-3,3.8464775E+17
2505.0000,1.5100000E-3,3.8465727E+17
2510.0000,2.2100000E-3,3.8467122E+17
2515.0000,5.1600000E-4,3.8467448E+17
2520.0000,3.6900000E-4,3.8467682E+17
2525.0000,4.1200000E-5,3.8467708E+17
2530.0000,6.3300000E-7,3.8467709E+17
2535.0000,1.7400000E-7,3.8467709E+17
2540.0000,3.7500000E-7,3.8467709E+17
2545.0000,5.3500000E-11,3.8467709E+17
2550.0000,2.8100000E-13,3.8467709E+17
2555.0000,1.0400000E-9,3.8467709E+17
2560.0000,3.0800000E-11,3.8467709E+17
2565.0000,1.5800000E-14,3.8467709E+17
2570.0000,1.5200000E-18,3.8467709E+17
2575.0000,1.0700000E-27,3.8467709E+17
2580.0000,3.7900000E-22,3.8467709E+17
2585.0000,1.7100000E-34,3.8467709E+17
2590.0000,5.4400000E-31,3.8467709E+17
2595.0000,2.2700000E-33,3.8467709E+17
2600.0000,4.4600000E-28,3.8467709E+17
2605.0000,5.7600000E-35,3.8467709E+17
2610.0000,5.9000000E-34,3.8467709E+17
2615.0000,1.1100000E-37,3.8467709E+17
2620.0000,5.6100000E-29,3.8467709E+17
2625.0000,3.8400000E-28,3.8467709E+17
2630.0000,2.8000000E-45,3.8467709E+17
2635.0000,3.8700000E-16,3.8467709E+17
2640.0000,1.1700000E-16,3.8467709E+17
2645.0000,8.9300000E-19,3.8467709E+17
2650.0000,1.4200000E-19,3.8467709E+17
2655.0000,1.3000000E-27,3.8467709E+17
2660.0000,2.5900000E-25,3.8467709E+17
2665.0000,1.1000000E-37,3.8467709E+17
2670.0000,0.0000000,3.8467709E+17
2675.0000,0.0000000,3.8467709E+17
2680.0000,0.0000000,3.8467709E+17
2685.0000,0.0000000,3.8467709E+17
2690.0000,1.0200000E-29,3.8467709E+17
2695.0000,7.1000000E-33,3.8467709E+17
2700.0000,0.0000000,3.8467709E+17
2705.0000,2.9300000E-42,3.8467709E+17
2710.0000,1.1200000E-35,3.8467709E+17
2715.0000,3.8500000E-26,3.8467709E+17
2720.0000,5.6100000E-45,3.8467709E+17
2725.0000,7.3100000E-22,3.8467709E+17
2730.0000,6.0900000E-19,3.8467709E+17
2735.0000,5.5100000E-21,3.8467709E+17
2740.0000,2.3400000E-27,3.8467709E+17
2745.0000,1.3200000E-23,3.8467709E+17
2750.0000,1.6800000E-28,3.8467709E+17
2755.0000,6.7300000E-44,3.8467709E+17
2760.0000,0.0000000,3.8467709E+17
2765.0000,2.7000000E-27,3.8467709E+17
2770.0000,8.4500000E-24,3.8467709E+17
2775.0000,4.0400000E-38,3.8467709E+17
2780.0000,4.8500000E-34,3.8467709E+17
2785.0000,3.9300000E-27,3.8467709E+17
2790.0000,1.2300000E-16,3.8467709E+17
2795.0000,3.6600000E-16,3.8467709E+17
2800.0000,1.6700000E-12,3.8467709E+17
2805.0000,6.8200000E-14,3.8467709E+17
2810.0000,4.0700000E-10,3.8467709E+17
2815.0000,2.9000000E-10,3.8467709E+17
2820.0000,2.0800000E-11,3.8467709E+17
2825.0000,1.7800000E-7,3.8467709E+17
2830.0000,3.9500000E-6,3.8467712E+17
2835.0000,2.1500000E-10,3.8467712E+17
2840.0000,1.9800000E-7,3.8467712E+17
2845.0000,4.1100000E-5,3.8467742E+17
2850.0000,1.1700000E-6,3.8467743E+17
2855.0000,4.5400000E-7,3.8467743E+17
2860.0000,2.5700000E-5,3.8467761E+17
2865.0000,1.7000000E-4,3.8467884E+17
2870.0000,6.3900000E-6,3.8467888E+17
2875.0000,3.9700000E-4,3.8468176E+17
2880.0000,2.5000000E-4,3.8468357E+17
2885.0000,4.5900000E-4,3.8468690E+17
2890.0000,1.8900000E-4,3.8468827E+17
2895.0000,2.7000000E-3,3.8470793E+17
2900.0000,8.2200000E-4,3.8471393E+17
2905.0000,1.1200000E-4,3.8471475E+17
2910.0000,2.7600000E-3,3.8473495E+17
2915.0000,1.2700000E-3,3.8474427E+17
2920.0000,2.9300000E-3,3.8476579E+17
2925.0000,1.1000000E-3,3.8477388E+17
2930.0000,5.9600000E-3,3.8481781E+17
2935.0000,6.5700000E-3,3.8486631E+17
2940.0000,1.6500000E-3,3.8487852E+17
2945.0000,1.4700000E-3,3.8488941E+17
2950.0000,5.2900000E-3,3.8492866E+17
2955.0000,2.3700000E-3,3.8494628E+17
2960.0000,4.6500000E-3,3.8498090E+17
2965.0000,7.5300000E-3,3.8503707E+17
2970.0000,3.5700000E-4,3.8503973E+17
2975.0000,8.6500000E-4,3.8504621E+17
2980.0000,1.3500000E-3,3.8505633E+17
2985.0000,7.0500000E-3,3.8510926E+17
2990.0000,1.0400000E-2,3.8518748E+17
2995.0000,4.3300000E-3,3.8522011E+17
3000.0000,7.9400000E-3,3.8528003E+17
3005.0000,2.9300000E-3,3.8530217E+17
3010.0000,6.9300000E-3,3.8535465E+17
3015.0000,5.6200000E-3,3.8539727E+17
3020.0000,6.4100000E-4,3.8540214E+17
3025.0000,7.5900000E-3,3.8545989E+17
3030.0000,6.1500000E-3,3.8550677E+17
3035.0000,2.5300000E-3,3.8552608E+17
3040.0000,2.0500000E-3,3.8554176E+17
3045.0000,4.2600000E-3,3.8557439E+17
3050.0000,1.0400000E-3,3.8558237E+17
3055.0000,2.9300000E-4,3.8558462E+17
3060.0000,6.3800000E-3,3.8563373E+17
3065.0000,2.9500000E-3,3.8565648E+17
3070.0000,1.7700000E-3,3.8567015E+17
3075.0000,6.0900000E-3,3.8571725E+17
3080.0000,3.6600000E-3,3.8574561E+17
3085.0000,1.7900000E-3,3.8575950E+17
3090.0000,2.4100000E-3,3.8577823E+17
3095.0000,6.6300000E-4,3.8578340E+17
3100.0000,4.4500000E-3,3.8581810E+17
3105.0000,9.3200000E-4,3.8582538E+17
3110.0000,8.5500000E-4,3.8583206E+17
3115.0000,2.2900000E-3,3.8585001E+17
3120.0000,9.9300000E-3,3.8592794E+17
3125.0000,3.0600000E-3,3.8595200E+17
3130.0000,5.8200000E-3,3.8599782E+17
3135.0000,1.1600000E-2,3.8608930E+17
3140.0000,3.3600000E-3,3.8611584E+17
3145.0000,3.2900000E-3,3.8614187E+17
3150.0000,6.7500000E-3,3.8619535E+17
3155.0000,5.7000000E-3,3.8624059E+17
3160.0000,9.3300000E-3,3.8631476E+17
3165.0000,1.4200000E-2,3.8642781E+17
3170.0000,1.2600000E-2,3.8652828E+17
3175.0000,9.3300000E-3,3.8660280E+17
3180.0000,1.0700000E-2,3.8668839E+17
3185.0000,8.1600000E-3,3.8675377E+17
3190.0000,4.2800000E-3,3.8678811E+17
3195.0000,2.7200000E-3,3.8680997E+17
3200.0000,4.4300000E-4,3.8681354E+17
3205.0000,3.1300000E-4,3.8681606E+17
3210.0000,1.3800000E-4,3.8681718E+17
3215.0000,5.0200000E-4,3.8682124E+17
3220.0000,1.6200000E-3,3.8683436E+17
3225.0000,2.0100000E-4,3.8683599E+17
3230.0000,3.4400000E-4,3.8683879E+17
3235.0000,7.3600000E-3,3.8689868E+17
3240.0000,3.7800000E-3,3.8692949E+17
3245.0000,7.4100000E-4,3.8693554E+17
3250.0000,2.6300000E-3,3.8695704E+17
3255.0000,1.0000000E-2,3.8703892E+17
3260.0000,1.2400000E-3,3.8704909E+17
3265.0000,2.4700000E-3,3.8706937E+17
3270.0000,1.2300000E-3,3.8707949E+17
3275.0000,5.9800000E-3,3.8712875E+17
3280.0000,2.8900000E-3,3.8715260E+17
3285.0000,1.1200000E-2,3.8724515E+17
3290.0000,8.8300000E-3,3.8731823E+17
3295.0000,1.2300000E-3,3.8732842E+17
3300.0000,1.7900000E-3,3.8734328E+17
3305.0000,3.9700000E-3,3.8737629E+17
3310.0000,3.9600000E-3,3.8740926E+17
3315.0000,1.6300000E-5,3.8740939E+17
3320.0000,6.0500000E-5,3.8740990E+17
3325.0000,3.5500000E-3,3.8743959E+17
3330.0000,4.7000000E-3,3.8747896E+17
3335.0000,9.1500000E-3,3.8755572E+17
3340.0000,3.4900000E-3,3.8758505E+17
3345.0000,3.5700000E-3,3.8761508E+17
3350.0000,8.1000000E-3,3.8768334E+17
3355.0000,3.6600000E-3,3.8771423E+17
3360.0000,5.2900000E-3,3.8775894E+17
3365.0000,7.2600000E-3,3.8782040E+17
3370.0000,3.9800000E-3,3.8785414E+17
3375.0000,8.5400000E-3,3.8792664E+17
3380.0000,5.1600000E-3,3.8797051E+17
3385.0000,7.5700000E-3,3.8803497E+17
3390.0000,9.9600000E-3,3.8811990E+17
3395.0000,9.6400000E-3,3.8820223E+17
3400.0000,1.2600000E-2,3.8831000E+17
3405.0000,4.5100000E-3,3.8834862E+17
3410.0000,7.1500000E-3,3.8840996E+17
3415.0000,7.3500000E-3,3.8847310E+17
3420.0000,1.3300000E-2,3.8858752E+17
3425.0000,1.0100000E-2,3.8867453E+17
3430.0000,8.7800000E-3,3.8875029E+17
3435.0000,1.1700000E-2,3.8885139E+17
3440.0000,8.1200000E-3,3.8892165E+17
3445.0000,1.1400000E-2,3.8902044E+17
3450.0000,1.1300000E-2,3.8911851E+17
3455.0000,8.3900000E-3,3.8919143E+17
3460.0000,1.2700000E-2,3.8930196E+17
3465.0000,9.9200000E-3,3.8938843E+17
3470.0000,1.2400000E-2,3.8949667E+17
3475.0000,1.1100000E-2,3.8959369E+17
3480.0000,1.1300000E-2,3.8969261E+17
3485.0000,1.2200000E-2,3.8979957E+17
3490.0000,1.0500000E-2,3.8989175E+17
3495.0000,1.2400000E-2,3.9000076E+17
3500.0000,1.2000000E-2,3.9010641E+17
3505.0000,1.1900000E-2,3.9021134E+17
3510.0000,1.2100000E-2,3.9031817E+17
3515.0000,1.1600000E-2,3.9042074E+17
3520.0000,1.2200000E-2,3.9052876E+17
3525.0000,1.1500000E-2,3.9063074E+17
3530.0000,1.1200000E-2,3.9073019E+17
3535.0000,9.5300000E-3,3.9081493E+17
3540.0000,9.1000000E-3,3.9089597E+17
3545.0000,9.6200000E-3,3.9098175E+17
3550.0000,1.0600000E-2,3.9107641E+17
3555.0000,9.1200000E-3,3.9115797E+17
3560.0000,1.0900000E-2,3.9125558E+17
3565.0000,1.0900000E-2,3.9135333E+17
3570.0000,8.4000000E-3,3.9142876E+17
3575.0000,8.7000000E-3,3.9150700E+17
3580.0000,1.0300000E-2,3.9159976E+17
3585.0000,9.2300000E-3,3.9168300E+17
3590.0000,9.5100000E-3,3.9176888E+17
3595.0000,9.7300000E-3,3.9185687E+17
3600.0000,1.0300000E-2,3.9195014E+17
3605.0000,1.0400000E-2,3.9204445E+17
3610.0000,9.5400000E-3,3.9213109E+17
3615.0000,9.5300000E-3,3.9221775E+17
3620.0000,1.1700000E-2,3.9232429E+17
3625.0000,1.0300000E-2,3.9241821E+17
3630.0000,1.0000000E-2,3.9250952E+17
3635.0000,1.0400000E-2,3.9260462E+17
3640.0000,1.1500000E-2,3.9270992E+17
3645.0000,1.0700000E-2,3.9280803E+17
3650.0000,1.0200000E-2,3.9290168E+17
3655.0000,1.1000000E-2,3.9300282E+17
3660.0000,1.1000000E-2,3.9310409E+17
3665.0000,1.0300000E-2,3.9319905E+17
3670.0000,7.9500000E-3,3.9327244E+17
3675.0000,4.8600000E-3,3.9331737E+17
3680.0000,8.3800000E-3,3.9339494E+17
3685.0000,9.4900000E-3,3.9348291E+17
3690.0000,9.7500000E-3,3.9357341E+17
3695.0000,1.0200000E-2,3.9366822E+17
3700.0000,1.0900000E-2,3.9376967E+17
3705.0000,1.0800000E-2,3.9387033E+17
3710.0000,9.4100000E-3,3.9395815E+17
3715.0000,9.2700000E-3,3.9404478E+17
3720.0000,1.0400000E-2,3.9414210E+17
3725.0000,1.0800000E-2,3.9424329E+17
3730.0000,9.3200000E-3,3.9433074E+17
3735.0000,8.6300000E-3,3.9441182E+17
3740.0000,8.8900000E-3,3.9449546E+17
3745.0000,1.0400000E-2,3.9459343E+17
3750.0000,9.3300000E-3,3.9468145E+17
3755.0000,9.0300000E-3,3.9476674E+17
3760.0000,8.9000000E-3,3.9485092E+17
3765.0000,8.5900000E-3,3.9493227E+17
3770.0000,9.1600000E-3,3.9501914E+17
3775.0000,9.0900000E-3,3.9510546E+17
3780.0000,9.6200000E-3,3.9519693E+17
3785.0000,8.8500000E-3,3.9528120E+17
3790.0000,7.7900000E-3,3.9535546E+17
3795.0000,8.9100000E-3,3.9544052E+17
3800.0000,9.9000000E-3,3.9553516E+17
3805.0000,9.3400000E-3,3.9562455E+17
3810.0000,8.2800000E-3,3.9570391E+17
3815.0000,7.7900000E-3,3.9577867E+17
3820.0000,9.6900000E-3,3.9587178E+17
3825.0000,9.5400000E-3,3.9596357E+17
3830.0000,9.6300000E-3,3.9605635E+17
3835.0000,7.7200000E-3,3.9613083E+17
3840.0000,9.0100000E-3,3.9621786E+17
3845.0000,8.8100000E-3,3.9630307E+17
3850.0000,8.8600000E-3,3.9638888E+17
3855.0000,8.5400000E-3,3.9647169E+17
3860.0000,8.0200000E-3,3.9654956E+17
3865.0000,8.1200000E-3,3.9662851E+17
3870.0000,7.3800000E-3,3.9670035E+17
3875.0000,6.7800000E-3,3.9676644E+17
3880.0000,6.5500000E-3,3.9683037E+17
3885.0000,6.7900000E-3,3.9689673E+17
3890.0000,6.9000000E-3,3.9696425E+17
3895.0000,7.5000000E-3,3.9703773E+17
3900.0000,7.9500000E-3,3.9711572E+17
3905.0000,7.9500000E-3,3.9719382E+17
3910.0000,7.1600000E-3,3.9726424E+17
3915.0000,7.0100000E-3,3.9733328E+17
3920.0000,6.9700000E-3,3.9740201E+17
3925.0000,6.8700000E-3,3.9746984E+17
3930.0000,7.0700000E-3,3.9753973E+17
3935.0000,7.3700000E-3,3.9761268E+17
3940.0000,7.4200000E-3,3.9768622E+17
3945.0000,7.5600000E-3,3.9776124E+17
3950.0000,7.6500000E-3,3.9783726E+17
3955.0000,7.7400000E-3,3.9791426E+17
3960.0000,7.7700000E-3,3.9799166E+17
3965.0000,7.8300000E-3,3.9806976E+17
3970.0000,7.7000000E-3,3.9814665E+17
3975.0000,7.5300000E-3,3.9822195E+17
3980.0000,7.4000000E-3,3.9829603E+17
3985.0000,7.4500000E-3,3.9837071E+17
3990.0000,7.3900000E-3,3.9844489E+17
3995.0000,7.2300000E-3,3.9851754E+17
4000.0000,7.1200000E-3,3.9855336E+17