280.00000,4.7200000E-23,1.6622444E-9
280.50000,1.2300000E-21,8.8450873E-8
281.00000,5.6700000E-21,4.8923843E-7
281.50000,1.5600000E-19,1.1535818E-5
282.00000,1.1900000E-18,9.5951070E-5
282.50000,4.5300000E-18,4.1786628E-4
283.00000,1.8400000E-17,1.7277390E-3
283.50000,3.5300000E-17,4.2451413E-3
284.00000,7.2500000E-16,5.6039349E-2
284.50000,2.4800000E-15,0.23352318
285.00000,7.9900000E-15,0.80634096
285.50000,4.2500000E-14,3.8585895
286.00000,1.3600000E-13,13.642890
286.50000,8.3600000E-13,73.892710
287.00000,2.7300000E-12,270.98489
287.50000,1.0900000E-11,1059.2807
288.00000,6.2200000E-11,5565.4522
288.50000,1.7100000E-10,1.7975309E+4
289.00000,5.6100000E-10,5.8758908E+4
289.50000,2.0700000E-9,2.0950420E+5
290.00000,6.0000000E-9,6.4720173E+5
290.50000,1.3700000E-8,1.6483342E+6
291.00000,3.5000000E-8,4.2103741E+6
291.50000,1.0900000E-7,1.2203008E+7
292.00000,2.6800000E-7,3.1888328E+7
292.50000,4.2600000E-7,6.3232754E+7
293.00000,8.6200000E-7,1.2676581E+8
293.50000,2.2600000E-6,2.9362164E+8
294.00000,4.1600000E-6,6.0127773E+8
294.50000,6.5700000E-6,1.0879936E+9
295.00000,1.2300000E-5,2.0007439E+9
295.50000,2.7700000E-5,4.0597712E+9
296.00000,4.7800000E-5,7.6189061E+9
296.50000,7.1100000E-5,1.2921876E+10
297.00000,9.6500000E-5,2.0131433E+10
297.50000,1.8600000E-4,3.4050969E+10
298.00000,2.8900000E-4,5.5714985E+10
298.50000,3.5700000E-4,8.2521317E+10
299.00000,4.9100000E-4,1.1945117E+11
299.50000,8.5800000E-4,1.8409230E+11
300.00000,1.0000000E-3,2.5955739E+11
300.50000,1.2000000E-3,3.5026643E+11
301.00000,1.9000000E-3,4.9412805E+11
301.50000,2.7000000E-3,6.9890257E+11
302.00000,2.9000000E-3,9.1921033E+11
302.50000,4.3000000E-3,1.2464144E+12
303.00000,7.1000000E-3,1.7875746E+12
303.50000,9.0000000E-3,2.4746842E+12
304.00000,9.4000000E-3,3.1935144E+12
304.50000,1.1900000E-2,4.1050195E+12
305.00000,1.6400000E-2,5.3632741E+12
305.50000,1.8700000E-2,6.8003433E+12
306.00000,1.8500000E-2,8.2243695E+12
306.50000,2.1000000E-2,9.8434731E+12
307.00000,2.7800000E-2,1.1990354E+13
307.50000,3.5500000E-2,1.4736340E+13
308.00000,3.7700000E-2,1.7657242E+13
308.50000,4.1300000E-2,2.0862257E+13
309.00000,4.0400000E-2,2.4002510E+13
309.50000,4.3200000E-2,2.7365838E+13
310.00000,5.0800000E-2,3.1327253E+13
310.50000,6.5300000E-2,3.6427599E+13
311.00000,8.2700000E-2,4.2897397E+13
311.50000,8.3800000E-2,4.9463791E+13
312.00000,9.3100000E-2,5.6770623E+13
312.50000,9.8700000E-2,6.4529377E+13
313.00000,0.10700000,7.2954049E+13
313.50000,0.10700000,8.1392178E+13
314.00000,0.11900000,9.0791606E+13
314.50000,0.13000000,1.0107624E+14
315.00000,0.13600000,1.1185266E+14
315.50000,0.11800000,1.2121762E+14
316.00000,0.12300000,1.3099488E+14
316.50000,0.15000000,1.4293723E+14
317.00000,0.17100000,1.5657302E+14
317.50000,0.18200000,1.7110885E+14
318.00000,0.17500000,1.8510763E+14
318.50000,0.18500000,1.9992960E+14
319.00000,0.20400000,2.1629949E+14
319.50000,0.19500000,2.3197170E+14
320.00000,0.20500000,2.4847340E+14
320.50000,0.24500000,2.6822576E+14
321.00000,0.25000000,2.8841267E+14
321.50000,0.23800000,3.0766054E+14
322.00000,0.22100000,3.2556137E+14
322.50000,0.21700000,3.4316549E+14
323.00000,0.21200000,3.6039065E+14
323.50000,0.24800000,3.8057202E+14
324.00000,0.27500000,4.0298516E+14
324.50000,0.28200000,4.2600427E+14
325.00000,0.27800000,4.4873184E+14
325.50000,0.32300000,4.7517896E+14
326.00000,0.38000000,5.0634101E+14
326.50000,0.40600000,5.3968627E+14
327.00000,0.39700000,5.7234228E+14
327.50000,0.38400000,6.0397724E+14
328.00000,0.35000000,6.3285522E+14
328.50000,0.37100000,6.6351254E+14
329.00000,0.42100000,6.9835452E+14
329.50000,0.46700000,7.3706220E+14
330.00000,0.47000000,7.7607765E+14
330.50000,0.42700000,8.1157731E+14
331.00000,0.40200000,8.4504910E+14
331.50000,0.41700000,8.7982228E+14
332.00000,0.43500000,9.1615117E+14
332.50000,0.43800000,9.5278570E+14
333.00000,0.42800000,9.8863766E+14
333.50000,0.40600000,1.0226978E+15
334.00000,0.41400000,1.0574812E+15
334.50000,0.44400000,1.0948409E+15
335.00000,0.46300000,1.1338576E+15
335.50000,0.45200000,1.1720042E+15
336.00000,0.41400000,1.2069959E+15
336.50000,0.38100000,1.2392463E+15
337.00000,0.37300000,1.2708664E+15
337.50000,0.39900000,1.3047408E+15
338.00000,0.43300000,1.3415562E+15
338.50000,0.45400000,1.3802142E+15
339.00000,0.46200000,1.4196115E+15
339.50000,0.47300000,1.4600063E+15
340.00000,0.50000000,1.5027699E+15
340.50000,0.49900000,1.5455107E+15
341.00000,0.47000000,1.5858266E+15
341.50000,0.46800000,1.6260299E+15
342.00000,0.48800000,1.6680126E+15
342.50000,0.50600000,1.7116076E+15
343.00000,0.51300000,1.7558701E+15
343.50000,0.48500000,1.7977778E+15
344.00000,0.41700000,1.8338622E+15
344.50000,0.40200000,1.8686991E+15
345.00000,0.45800000,1.9084466E+15
345.50000,0.48800000,1.9508590E+15
346.00000,0.47600000,1.9922883E+15
346.50000,0.48500000,2.0345619E+15
347.00000,0.49300000,2.0775949E+15
347.50000,0.47500000,2.1191164E+15
348.00000,0.47400000,2.1606101E+15
348.50000,0.48200000,2.2028648E+15
349.00000,0.46400000,2.2435999E+15
349.50000,0.47700000,2.2855362E+15
350.00000,0.52600000,2.3318466E+15
350.50000,0.56600000,2.3817499E+15
351.00000,0.55000000,2.4303117E+15
351.50000,0.52900000,2.4770858E+15
352.00000,0.51600000,2.5227754E+15
352.50000,0.48800000,2.5660471E+15
353.00000,0.51900000,2.6121329E+15
353.50000,0.57100000,2.6629079E+15
354.00000,0.60300000,2.7166044E+15
354.50000,0.61000000,2.7710009E+15
355.00000,0.61000000,2.8254741E+15
355.50000,0.58900000,2.8781461E+15
356.00000,0.55200000,2.9275787E+15
356.50000,0.51800000,2.9740318E+15
357.00000,0.45500000,3.0148923E+15
357.50000,0.46100000,3.0563497E+15
358.00000,0.42900000,3.0949833E+15
358.50000,0.39800000,3.1308753E+15
359.00000,0.46800000,3.1731387E+15
359.50000,0.56400000,3.2241426E+15
360.00000,0.59600000,3.2781152E+15
360.50000,0.56400000,3.3292609E+15
361.00000,0.51900000,3.3763911E+15
361.50000,0.50800000,3.4225863E+15
362.00000,0.53300000,3.4711220E+15
362.50000,0.58300000,3.5242840E+15
363.00000,0.60000000,3.5790716E+15
363.50000,0.58400000,3.6324717E+15
364.00000,0.60500000,3.6878681E+15
364.50000,0.59900000,3.7427905E+15
365.00000,0.62200000,3.7999000E+15
365.50000,0.68400000,3.8627880E+15
366.00000,0.73300000,3.9302735E+15
366.50000,0.73400000,3.9979433E+15
367.00000,0.72100000,4.0645052E+15
367.50000,0.70700000,4.1298637E+15
368.00000,0.66600000,4.1915156E+15
368.50000,0.66100000,4.2527879E+15
369.00000,0.69100000,4.3169279E+15
369.50000,0.74300000,4.3859882E+15
370.00000,0.75300000,4.4560726E+15
370.50000,0.68100000,4.5195414E+15
371.00000,0.69100000,4.5840291E+15
371.50000,0.71800000,4.6511268E+15
372.00000,0.67300000,4.7141040E+15
372.50000,0.64100000,4.7741673E+15
373.00000,0.61700000,4.8320593E+15
373.50000,0.55600000,4.8842977E+15
374.00000,0.55500000,4.9365120E+15
374.50000,0.55100000,4.9884193E+15
375.00000,0.58800000,5.0438862E+15
375.50000,0.65000000,5.1052833E+15
376.00000,0.67300000,5.1689376E+15
376.50000,0.66200000,5.2316347E+15
377.00000,0.71000000,5.2989672E+15
377.50000,0.79200000,5.3741757E+15
378.00000,0.85400000,5.4553792E+15
378.50000,0.83200000,5.5345954E+15
379.00000,0.74200000,5.6053359E+15
379.50000,0.66500000,5.6688190E+15
380.00000,0.69900000,5.7356358E+15
380.50000,0.74900000,5.8073262E+15
381.00000,0.76200000,5.8803568E+15
381.50000,0.68600000,5.9461898E+15
382.00000,0.58500000,6.0024037E+15
382.50000,0.50600000,6.0510901E+15
383.00000,0.45400000,6.0948301E+15
383.50000,0.43900000,6.1371802E+15
384.00000,0.50800000,6.1862507E+15
384.50000,0.61200000,6.2454440E+15
385.00000,0.67200000,6.3105251E+15
385.50000,0.64200000,6.3727815E+15
386.00000,0.61900000,6.4328854E+15
386.50000,0.64400000,6.4954978E+15
387.00000,0.65000000,6.5587753E+15
387.50000,0.64000000,6.6211598E+15
388.00000,0.63400000,6.6830391E+15
388.50000,0.63000000,6.7446073E+15
389.00000,0.68300000,6.8114410E+15
389.50000,0.75800000,6.8857089E+15
390.00000,0.79500000,6.9637021E+15
390.50000,0.80100000,7.0423846E+15
391.00000,0.84900000,7.1258890E+15
391.50000,0.86100000,7.2106820E+15
392.00000,0.79300000,7.2888779E+15
392.50000,0.66100000,7.3541408E+15
393.00000,0.47800000,7.4013955E+15
393.50000,0.38000000,7.4390098E+15
394.00000,0.49400000,7.4879705E+15
394.50000,0.68200000,7.5556499E+15
395.00000,0.80500000,7.6356366E+15
395.50000,0.85800000,7.7209974E+15
396.00000,0.75400000,7.7961063E+15
396.50000,0.54900000,7.8508634E+15
397.00000,0.42500000,7.8933063E+15
397.50000,0.62800000,7.9561008E+15
398.00000,0.85000000,8.0412002E+15
398.50000,1.0000000,8.1414430E+15
399.00000,1.0700000,8.2488374E+15
399.50000,1.1000000,8.3593812E+15
400.00000,1.1100000,8.5269137E+15
401.00000,1.1600000,8.7609360E+15
402.00000,1.2000000,9.0036317E+15
403.00000,1.1600000,9.2388212E+15
404.00000,1.1800000,9.4786593E+15
405.00000,1.1500000,9.7129784E+15
406.00000,1.1200000,9.9417483E+15
407.00000,1.1000000,1.0166986E+16
408.00000,1.1500000,1.0403041E+16
409.00000,1.2300000,1.0656136E+16
410.00000,1.0500000,1.0872721E+16
411.00000,1.1700000,1.1114647E+16
412.00000,1.2400000,1.1371671E+16
413.00000,1.1900000,1.1618930E+16
414.00000,1.1800000,1.1864704E+16
415.00000,1.2200000,1.2119424E+16
416.00000,1.2600000,1.2383130E+16
417.00000,1.2300000,1.2641175E+16
418.00000,1.1700000,1.2887221E+16
419.00000,1.2200000,1.3144396E+16
420.00000,1.1200000,1.3381055E+16
421.00000,1.2700000,1.3650048E+16
422.00000,1.2500000,1.3915433E+16
423.00000,1.2100000,1.4172935E+16
424.00000,1.2100000,1.4431046E+16
425.00000,1.2500000,1.4698318E+16
426.00000,1.2100000,1.4957646E+16
427.00000,1.1700000,1.5208990E+16
428.00000,1.1800000,1.5463076E+16
429.00000,1.0900000,1.5698331E+16
430.00000,0.87200000,1.5886974E+16
431.00000,0.79200000,1.6058708E+16
432.00000,1.3200000,1.6345596E+16
433.00000,1.2300000,1.6613543E+16
434.00000,1.1300000,1.6860273E+16
435.00000,1.2400000,1.7131646E+16
436.00000,1.3600000,1.7429964E+16
437.00000,1.3900000,1.7735563E+16
438.00000,1.2200000,1.8004399E+16
439.00000,1.1700000,1.8262807E+16
440.00000,1.3500000,1.8561649E+16
441.00000,1.3300000,1.8856732E+16
442.00000,1.4200000,1.9172498E+16
443.00000,1.4400000,1.9493436E+16
444.00000,1.4000000,1.9806164E+16
445.00000,1.4600000,2.0133028E+16
446.00000,1.3100000,2.0426970E+16
447.00000,1.4900000,2.0762050E+16
448.00000,1.5000000,2.1100133E+16
449.00000,1.5000000,2.1438972E+16
450.00000,1.5600000,2.1792148E+16
451.00000,1.6100000,2.2157455E+16
452.00000,1.5400000,2.2507653E+16
453.00000,1.4300000,2.2833557E+16
454.00000,1.5300000,2.3183020E+16
455.00000,1.5200000,2.3530965E+16
456.00000,1.5700000,2.3891144E+16
457.00000,1.5800000,2.4254413E+16
458.00000,1.5500000,2.4611564E+16
459.00000,1.5300000,2.4964877E+16
460.00000,1.5200000,2.5316645E+16
461.00000,1.5800000,2.5683093E+16
462.00000,1.5900000,2.6052661E+16
463.00000,1.6000000,2.6425358E+16
464.00000,1.5500000,2.6787188E+16
465.00000,1.5300000,2.7145119E+16
466.00000,1.5600000,2.7510853E+16
467.00000,1.4900000,2.7860925E+16
468.00000,1.5600000,2.8228229E+16
469.00000,1.5600000,2.8596317E+16
470.00000,1.5000000,2.8951003E+16
471.00000,1.5300000,2.9313553E+16
472.00000,1.6100000,2.9695869E+16
473.00000,1.5500000,3.0064717E+16
474.00000,1.5600000,3.0436730E+16
475.00000,1.6100000,3.0821476E+16
476.00000,1.5600000,3.1195058E+16
477.00000,1.5700000,3.1571825E+16
478.00000,1.6200000,3.1961406E+16
479.00000,1.5900000,3.2344573E+16
480.00000,1.6100000,3.2733369E+16
481.00000,1.6100000,3.3122975E+16
482.00000,1.6200000,3.3515816E+16
483.00000,1.6000000,3.3904612E+16
484.00000,1.5700000,3.4286909E+16
485.00000,1.5600000,3.4667554E+16
486.00000,1.2700000,3.4978078E+16
487.00000,1.4200000,3.5325992E+16
488.00000,1.5400000,3.5704083E+16
489.00000,1.4500000,3.6060806E+16
490.00000,1.6200000,3.6460167E+16
491.00000,1.5600000,3.6845522E+16
492.00000,1.4800000,3.7211860E+16
493.00000,1.5900000,3.7606225E+16
494.00000,1.5500000,3.7991450E+16
495.00000,1.6400000,3.8399867E+16
496.00000,1.5600000,3.8789146E+16
497.00000,1.5900000,3.9186711E+16
498.00000,1.5500000,3.9575054E+16
499.00000,1.5500000,3.9964178E+16
500.00000,1.5400000,4.0351565E+16
501.00000,1.4900000,4.0727125E+16
502.00000,1.4900000,4.1103434E+16
503.00000,1.5600000,4.1498207E+16
504.00000,1.4500000,4.1865873E+16
505.00000,1.5600000,4.2262215E+16
506.00000,1.6200000,4.2674617E+16
507.00000,1.5500000,4.3069979E+16
508.00000,1.5100000,4.3455897E+16
509.00000,1.5800000,4.3860501E+16
510.00000,1.5400000,4.4255636E+16
511.00000,1.5700000,4.4659258E+16
512.00000,1.6100000,4.5073974E+16
513.00000,1.5200000,4.5466272E+16
514.00000,1.4800000,4.5848991E+16
515.00000,1.5300000,4.6245409E+16
516.00000,1.5400000,4.6645193E+16
517.00000,1.2600000,4.6972922E+16
518.00000,1.4400000,4.7348195E+16
519.00000,1.3900000,4.7711137E+16
520.00000,1.5200000,4.8108788E+16
521.00000,1.5300000,4.8509824E+16
522.00000,1.5600000,4.8919509E+16
523.00000,1.4700000,4.9306298E+16
524.00000,1.5900000,4.9725461E+16
525.00000,1.5700000,5.0140142E+16
526.00000,1.5300000,5.0545027E+16
527.00000,1.3400000,5.0900307E+16
528.00000,1.5300000,5.1306732E+16
529.00000,1.6000000,5.1732556E+16
530.00000,1.5400000,5.2143187E+16
531.00000,1.6200000,5.2575964E+16
532.00000,1.6000000,5.3004203E+16
533.00000,1.4200000,5.3384980E+16
534.00000,1.5300000,5.3796023E+16
535.00000,1.5500000,5.4213219E+16
536.00000,1.6200000,5.4650072E+16
537.00000,1.4900000,5.5052618E+16
538.00000,1.5700000,5.5477567E+16
539.00000,1.5300000,5.5892459E+16
540.00000,1.4800000,5.6294537E+16
541.00000,1.4200000,5.6681028E+16
542.00000,1.5500000,5.7103683E+16
543.00000,1.5200000,5.7518922E+16
544.00000,1.5700000,5.7948611E+16
545.00000,1.5400000,5.8370863E+16
546.00000,1.5200000,5.8788396E+16
547.00000,1.5400000,5.9212198E+16
548.00000,1.5000000,5.9625747E+16
549.00000,1.5500000,6.0053860E+16
550.00000,1.5400000,6.0479986E+16
551.00000,1.5300000,6.0904115E+16
552.00000,1.5700000,6.1340122E+16
553.00000,1.5200000,6.1763009E+16
554.00000,1.5500000,6.2195021E+16
555.00000,1.5600000,6.2630606E+16
556.00000,1.5300000,6.3058583E+16
557.00000,1.4900000,6.3476122E+16
558.00000,1.5300000,6.3905639E+16
559.00000,1.4400000,6.4310615E+16
560.00000,1.4700000,6.4724767E+16
561.00000,1.5600000,6.5165061E+16
562.00000,1.4800000,6.5583520E+16
563.00000,1.5400000,6.6019718E+16
564.00000,1.5100000,6.6448178E+16
565.00000,1.5200000,6.6880241E+16
566.00000,1.4300000,6.7287441E+16
567.00000,1.5300000,6.7723886E+16
568.00000,1.5100000,6.8155385E+16
569.00000,1.4800000,6.8579056E+16
570.00000,1.4800000,6.9003472E+16
571.00000,1.4300000,6.9414268E+16
572.00000,1.5100000,6.9848807E+16
573.00000,1.5200000,7.0286987E+16
574.00000,1.5100000,7.0723044E+16
575.00000,1.4700000,7.1148290E+16
576.00000,1.4600000,7.1571378E+16
577.00000,1.5000000,7.2006811E+16
578.00000,1.4500000,7.2428460E+16
579.00000,1.4700000,7.2856664E+16
580.00000,1.5000000,7.3294361E+16
581.00000,1.5000000,7.3732814E+16
582.00000,1.5300000,7.4180805E+16
583.00000,1.5400000,7.4632498E+16
584.00000,1.5400000,7.5084967E+16
585.00000,1.5300000,7.5535267E+16
586.00000,1.4900000,7.5974544E+16
587.00000,1.5200000,7.6423431E+16
588.00000,1.4900000,7.6864207E+16
589.00000,1.2900000,7.7246468E+16
590.00000,1.3700000,7.7653125E+16
591.00000,1.4600000,7.8087230E+16
592.00000,1.4300000,7.8513135E+16
593.00000,1.4500000,7.8945726E+16
594.00000,1.4400000,7.9376058E+16
595.00000,1.4300000,7.9804121E+16
596.00000,1.4700000,8.0244898E+16
597.00000,1.4700000,8.0686414E+16
598.00000,1.4600000,8.1125661E+16
599.00000,1.4600000,8.1565642E+16
600.00000,1.4700000,8.2009377E+16
601.00000,1.4500000,8.2447804E+16
602.00000,1.4300000,8.2880903E+16
603.00000,1.4600000,8.3323823E+16
604.00000,1.4900000,8.3776593E+16
605.00000,1.4900000,8.4230113E+16
606.00000,1.4800000,8.4681334E+16
607.00000,1.4900000,8.5136354E+16
608.00000,1.4800000,8.5589064E+16
609.00000,1.4700000,8.6039454E+16
610.00000,1.4600000,8.6487516E+16
611.00000,1.4600000,8.6936312E+16
612.00000,1.4800000,8.7392000E+16
613.00000,1.4600000,8.7842265E+16
614.00000,1.4100000,8.8277820E+16
615.00000,1.4700000,8.8732648E+16
616.00000,1.4300000,8.9175819E+16
617.00000,1.4100000,8.9613501E+16
618.00000,1.4600000,9.0067439E+16
619.00000,1.4700000,9.0525225E+16
620.00000,1.4700000,9.0983751E+16
621.00000,1.4800000,9.1446141E+16
622.00000,1.4200000,9.1890499E+16
623.00000,1.4100000,9.2332438E+16
624.00000,1.4100000,9.2775086E+16
625.00000,1.4000000,9.3215299E+16
626.00000,1.4000000,9.3656217E+16
627.00000,1.4400000,9.4110456E+16
628.00000,1.3600000,9.4540144E+16
629.00000,1.4100000,9.4986339E+16
630.00000,1.3900000,9.5426904E+16
631.00000,1.4100000,9.5874518E+16
632.00000,1.3600000,9.6306943E+16
633.00000,1.4500000,9.6768714E+16
634.00000,1.4200000,9.7221645E+16
635.00000,1.4400000,9.7681681E+16
636.00000,1.4100000,9.8132841E+16
637.00000,1.4600000,9.8600735E+16
638.00000,1.4700000,9.9072573E+16
639.00000,1.4600000,9.9541935E+16
640.00000,1.4300000,1.0000237E+17
641.00000,1.4300000,1.0046353E+17
642.00000,1.4300000,1.0092541E+17
643.00000,1.4500000,1.0139447E+17
644.00000,1.4400000,1.0186103E+17
645.00000,1.4500000,1.0233155E+17
646.00000,1.4100000,1.0278981E+17
647.00000,1.4000000,1.0324552E+17
648.00000,1.3900000,1.0369867E+17
649.00000,1.3500000,1.0413946E+17
650.00000,1.3600000,1.0458420E+17
651.00000,1.4400000,1.0505583E+17
652.00000,1.3800000,1.0550850E+17
653.00000,1.4300000,1.0597829E+17
654.00000,1.4100000,1.0644222E+17
655.00000,1.3500000,1.0688708E+17
656.00000,1.1800000,1.0727652E+17
657.00000,1.2400000,1.0768639E+17
658.00000,1.3800000,1.0814323E+17
659.00000,1.3900000,1.0860407E+17
660.00000,1.4000000,1.0906894E+17
661.00000,1.3900000,1.0953118E+17
662.00000,1.3800000,1.0999079E+17
663.00000,1.3800000,1.1045110E+17
664.00000,1.3900000,1.1091544E+17
665.00000,1.4200000,1.1139052E+17
666.00000,1.4200000,1.1186631E+17
667.00000,1.4100000,1.1233946E+17
668.00000,1.4100000,1.1281332E+17
669.00000,1.4400000,1.1329799E+17
670.00000,1.4200000,1.1377664E+17
671.00000,1.4100000,1.1425263E+17
672.00000,1.3900000,1.1472256E+17
673.00000,1.4100000,1.1519997E+17
674.00000,1.4000000,1.1567470E+17
675.00000,1.3900000,1.1614673E+17
676.00000,1.4100000,1.1662627E+17
677.00000,1.4000000,1.1710310E+17
678.00000,1.4000000,1.1758065E+17
679.00000,1.3900000,1.1805548E+17
680.00000,1.3900000,1.1853101E+17
681.00000,1.3900000,1.1900724E+17
682.00000,1.3900000,1.1948417E+17
683.00000,1.3800000,1.1995836E+17
684.00000,1.3700000,1.2042981E+17
685.00000,1.3700000,1.2090194E+17
686.00000,1.3400000,1.2136441E+17
687.00000,0.96500000,1.2169795E+17
688.00000,1.1200000,1.2208561E+17
689.00000,1.1200000,1.2247385E+17
690.00000,1.1800000,1.2288347E+17
691.00000,1.2300000,1.2331107E+17
692.00000,1.2700000,1.2375322E+17
693.00000,1.2600000,1.2419251E+17
694.00000,1.2400000,1.2462546E+17
695.00000,1.2700000,1.2506952E+17
696.00000,1.2600000,1.2551072E+17
697.00000,1.3400000,1.2598061E+17
698.00000,1.3200000,1.2644415E+17
699.00000,1.2900000,1.2689780E+17
700.00000,1.2800000,1.2734858E+17
701.00000,1.2600000,1.2779294E+17
702.00000,1.2600000,1.2823795E+17
703.00000,1.2700000,1.2868712E+17
704.00000,1.3000000,1.2914756E+17
705.00000,1.3200000,1.2961574E+17
706.00000,1.3100000,1.3008104E+17
707.00000,1.3100000,1.3054700E+17
708.00000,1.3000000,1.3101005E+17
709.00000,1.3100000,1.3147733E+17
710.00000,1.3100000,1.3194526E+17
711.00000,1.3100000,1.3241385E+17
712.00000,1.3000000,1.3287952E+17
713.00000,1.2900000,1.3334226E+17
714.00000,1.3000000,1.3380924E+17
715.00000,1.2600000,1.3426248E+17
716.00000,1.2700000,1.3471996E+17
717.00000,1.1000000,1.3511676E+17
718.00000,1.0300000,1.3548882E+17
719.00000,0.92100000,1.3582197E+17
720.00000,0.98300000,1.3617805E+17
721.00000,1.0800000,1.3656980E+17
722.00000,1.2400000,1.3702022E+17
723.00000,1.1400000,1.3743488E+17
724.00000,1.0500000,1.3781734E+17
725.00000,1.0400000,1.3819668E+17
726.00000,1.0800000,1.3859115E+17
727.00000,1.0800000,1.3898616E+17
728.00000,1.0400000,1.3936707E+17
729.00000,1.0400000,1.3974850E+17
730.00000,1.1300000,1.4016351E+17
731.00000,1.0700000,1.4055702E+17
732.00000,1.1500000,1.4098053E+17
733.00000,1.1900000,1.4141937E+17
734.00000,1.2300000,1.4187358E+17
735.00000,1.2100000,1.4232101E+17
736.00000,1.2000000,1.4276535E+17
737.00000,1.2000000,1.4321029E+17
738.00000,1.2200000,1.4366326E+17
739.00000,1.1900000,1.4410569E+17
740.00000,1.2200000,1.4455989E+17
741.00000,1.2100000,1.4501098E+17
742.00000,1.2100000,1.4546267E+17
743.00000,1.2400000,1.4592619E+17
744.00000,1.2500000,1.4639407E+17
745.00000,1.2500000,1.4686258E+17
746.00000,1.2400000,1.4732797E+17
747.00000,1.2400000,1.4779398E+17
748.00000,1.2400000,1.4826062E+17
749.00000,1.2300000,1.4872411E+17
750.00000,1.2300000,1.4918822E+17
751.00000,1.2300000,1.4965295E+17
752.00000,1.2300000,1.5011830E+17
753.00000,1.2200000,1.5058048E+17
754.00000,1.2400000,1.5105086E+17
755.00000,1.2300000,1.5151806E+17
756.00000,1.2200000,1.5198208E+17
757.00000,1.2200000,1.5244671E+17
758.00000,1.2300000,1.5291578E+17
759.00000,1.1900000,1.5337018E+17
760.00000,0.26500000,1.5347151E+17
761.00000,0.15400000,1.5353047E+17
762.00000,0.68600000,1.5379345E+17
763.00000,0.37800000,1.5393855E+17
764.00000,0.53700000,1.5414496E+17
765.00000,0.68400000,1.5440821E+17
766.00000,0.81200000,1.5472114E+17
767.00000,0.97100000,1.5509582E+17
768.00000,1.1100000,1.5552471E+17
769.00000,1.1200000,1.5595802E+17
770.00000,1.1600000,1.5640739E+17
771.00000,1.1700000,1.5686122E+17
772.00000,1.1700000,1.5731564E+17
773.00000,1.1700000,1.5777065E+17
774.00000,1.1700000,1.5822625E+17
775.00000,1.1700000,1.5868243E+17
776.00000,1.1800000,1.5914311E+17
777.00000,1.1700000,1.5960048E+17
778.00000,1.1700000,1.6005843E+17
779.00000,1.1700000,1.6051697E+17
780.00000,1.1600000,1.6097218E+17
781.00000,1.1600000,1.6142796E+17
782.00000,1.1600000,1.6188434E+17
783.00000,1.1600000,1.6234129E+17
784.00000,1.1500000,1.6279489E+17
785.00000,1.1600000,1.6325301E+17
786.00000,1.1600000,1.6371172E+17
787.00000,1.1400000,1.6416309E+17
788.00000,1.1300000,1.6461107E+17
789.00000,1.1200000,1.6505565E+17
790.00000,1.0900000,1.6548887E+17
791.00000,1.1000000,1.6592662E+17
792.00000,1.0900000,1.6636094E+17
793.00000,1.0800000,1.6679181E+17
794.00000,1.0900000,1.6722723E+17
795.00000,1.0900000,1.6766319E+17
796.00000,1.0700000,1.6809169E+17
797.00000,1.0900000,1.6852875E+17
798.00000,1.1100000,1.6897438E+17
799.00000,1.0900000,1.6941254E+17
800.00000,1.0700000,1.6984319E+17
801.00000,1.0800000,1.7027841E+17
802.00000,1.0800000,1.7071418E+17
803.00000,1.0600000,1.7114241E+17
804.00000,1.0800000,1.7157926E+17
805.00000,1.0500000,1.7200451E+17
806.00000,1.0900000,1.7244650E+17
807.00000,1.0800000,1.7288498E+17
808.00000,1.0800000,1.7332401E+17
809.00000,1.0500000,1.7375137E+17
810.00000,1.0500000,1.7417926E+17
811.00000,1.0500000,1.7460767E+17
812.00000,1.0200000,1.7502436E+17
813.00000,1.0100000,1.7543747E+17
814.00000,0.90100000,1.7580645E+17
815.00000,0.89300000,1.7617261E+17
816.00000,0.83000000,1.7651335E+17
817.00000,0.84900000,1.7686231E+17
818.00000,0.82000000,1.7719977E+17
819.00000,0.90300000,1.7757184E+17
820.00000,0.85900000,1.7792622E+17
821.00000,0.99500000,1.7833720E+17
822.00000,0.94900000,1.7872966E+17
823.00000,0.67100000,1.7900748E+17
824.00000,0.93200000,1.7939385E+17
825.00000,0.96700000,1.7979521E+17
826.00000,0.93100000,1.8018210E+17
827.00000,0.98200000,1.8059067E+17
828.00000,0.84700000,1.8094351E+17
829.00000,0.92700000,1.8133013E+17
830.00000,0.91300000,1.8171137E+17
831.00000,0.92100000,1.8209642E+17
832.00000,0.89200000,1.8246980E+17
833.00000,0.95400000,1.8286960E+17
834.00000,0.93100000,1.8326024E+17
835.00000,1.0000000,1.8368032E+17
836.00000,0.97000000,1.8408830E+17
837.00000,1.0100000,1.8451361E+17
838.00000,0.99600000,1.8493352E+17
839.00000,0.99800000,1.8535477E+17
840.00000,1.0100000,1.8578160E+17
841.00000,1.0100000,1.8620894E+17
842.00000,0.99400000,1.8663001E+17
843.00000,1.0000000,1.8705413E+17
844.00000,0.98300000,1.8747152E+17
845.00000,1.0100000,1.8790090E+17
846.00000,1.0200000,1.8833503E+17
847.00000,0.98900000,1.8875647E+17
848.00000,0.98900000,1.8917841E+17
849.00000,0.98300000,1.8959828E+17
850.00000,0.89100000,1.8997930E+17
851.00000,0.97200000,1.9039545E+17
852.00000,0.96700000,1.9080995E+17
853.00000,0.96200000,1.9122279E+17
854.00000,0.84900000,1.9158756E+17
855.00000,0.91000000,1.9197899E+17
856.00000,0.97000000,1.9239673E+17
857.00000,0.98900000,1.9282314E+17
858.00000,0.98900000,1.9325006E+17
859.00000,0.98900000,1.9367747E+17
860.00000,0.98500000,1.9410364E+17
861.00000,0.98400000,1.9452988E+17
862.00000,0.99200000,1.9496008E+17
863.00000,0.99800000,1.9539339E+17
864.00000,0.97600000,1.9581764E+17
865.00000,0.96000000,1.9623541E+17
866.00000,0.84700000,1.9660444E+17
867.00000,0.91300000,1.9700268E+17
868.00000,0.95600000,1.9742015E+17
869.00000,0.94700000,1.9783418E+17
870.00000,0.96500000,1.9825656E+17
871.00000,0.95100000,1.9867328E+17
872.00000,0.96400000,1.9909620E+17
873.00000,0.95400000,1.9951520E+17
874.00000,0.93800000,1.9992765E+17
875.00000,0.92400000,2.0033440E+17
876.00000,0.95000000,2.0075308E+17
877.00000,0.95300000,2.0117357E+17
878.00000,0.95000000,2.0159320E+17
879.00000,0.93400000,2.0200624E+17
880.00000,0.93700000,2.0242108E+17
881.00000,0.90600000,2.0282264E+17
882.00000,0.93000000,2.0323532E+17
883.00000,0.92700000,2.0364713E+17
884.00000,0.93000000,2.0406074E+17
885.00000,0.94200000,2.0448016E+17
886.00000,0.90500000,2.0488356E+17
887.00000,0.90800000,2.0528875E+17
888.00000,0.92000000,2.0569976E+17
889.00000,0.93200000,2.0611661E+17
890.00000,0.92100000,2.0652899E+17
891.00000,0.92300000,2.0694274E+17
892.00000,0.90600000,2.0734932E+17
893.00000,0.87100000,2.0774064E+17
894.00000,0.84900000,2.0812249E+17
895.00000,0.81100000,2.0848767E+17
896.00000,0.76000000,2.0883026E+17
897.00000,0.66400000,2.0912991E+17
898.00000,0.71600000,2.0945339E+17
899.00000,0.54700000,2.0970079E+17
900.00000,0.74000000,2.1003585E+17
901.00000,0.59800000,2.1030692E+17
902.00000,0.66600000,2.1060915E+17
903.00000,0.68700000,2.1092125E+17
904.00000,0.84200000,2.1130420E+17
905.00000,0.81500000,2.1167527E+17
906.00000,0.77300000,2.1202761E+17
907.00000,0.63700000,2.1231828E+17
908.00000,0.65000000,2.1261521E+17
909.00000,0.70200000,2.1293625E+17
910.00000,0.62300000,2.1322147E+17
911.00000,0.66600000,2.1352672E+17
912.00000,0.68700000,2.1384193E+17
913.00000,0.62700000,2.1412993E+17
914.00000,0.62500000,2.1441733E+17
915.00000,0.67600000,2.1472852E+17
916.00000,0.57500000,2.1499350E+17
917.00000,0.72800000,2.1532936E+17
918.00000,0.59100000,2.1560231E+17
919.00000,0.73700000,2.1594306E+17
920.00000,0.74200000,2.1628650E+17
921.00000,0.77800000,2.1664699E+17
922.00000,0.69800000,2.1697076E+17
923.00000,0.74300000,2.1731578E+17
924.00000,0.71900000,2.1765002E+17
925.00000,0.70900000,2.1797997E+17
926.00000,0.70100000,2.1830654E+17
927.00000,0.78500000,2.1867265E+17
928.00000,0.58800000,2.1894717E+17
929.00000,0.55000000,2.1920423E+17
930.00000,0.43100000,2.1940589E+17
931.00000,0.40800000,2.1959699E+17
932.00000,0.30000000,2.1973766E+17
933.00000,0.24800000,2.1985406E+17
934.00000,0.14300000,2.1992126E+17
935.00000,0.25000000,2.2003886E+17
936.00000,0.16100000,2.2011468E+17
937.00000,0.16300000,2.2019151E+17
938.00000,0.20000000,2.2028590E+17
939.00000,0.39800000,2.2047392E+17
940.00000,0.47000000,2.2069619E+17
941.00000,0.37100000,2.2087182E+17
942.00000,0.40400000,2.2106329E+17
943.00000,0.27800000,2.2119518E+17
944.00000,0.28500000,2.2133053E+17
945.00000,0.36700000,2.2150501E+17
946.00000,0.19400000,2.2159735E+17
947.00000,0.37000000,2.2177363E+17
948.00000,0.27300000,2.2190383E+17
949.00000,0.49300000,2.2213921E+17
950.00000,0.14700000,2.2220947E+17
951.00000,0.48200000,2.2244008E+17
952.00000,0.26800000,2.2256844E+17
953.00000,0.34300000,2.2273289E+17
954.00000,0.42300000,2.2293591E+17
955.00000,0.34000000,2.2309927E+17
956.00000,0.32700000,2.2325655E+17
957.00000,0.27000000,2.2338654E+17
958.00000,0.46000000,2.2360825E+17
959.00000,0.37300000,2.2378821E+17
960.00000,0.41900000,2.2399058E+17
961.00000,0.46000000,2.2421298E+17
962.00000,0.44100000,2.2442642E+17
963.00000,0.50400000,2.2467060E+17
964.00000,0.45700000,2.2489224E+17
965.00000,0.50200000,2.2513595E+17
966.00000,0.50100000,2.2537944E+17
967.00000,0.50100000,2.2562317E+17
968.00000,0.65000000,2.2593972E+17
969.00000,0.68400000,2.2627318E+17
970.00000,0.63300000,2.2658209E+17
971.00000,0.71200000,2.2692991E+17
972.00000,0.68600000,2.2726537E+17
973.00000,0.60500000,2.2756153E+17
974.00000,0.57400000,2.2784280E+17
975.00000,0.58800000,2.2813123E+17
976.00000,0.57000000,2.2841111E+17
977.00000,0.63700000,2.2872422E+17
978.00000,0.61300000,2.2902583E+17
979.00000,0.63600000,2.2933908E+17
980.00000,0.60300000,2.2963639E+17
981.00000,0.71100000,2.2998729E+17
982.00000,0.69000000,2.3032818E+17
983.00000,0.66700000,2.3065805E+17
984.00000,0.73500000,2.3102191E+17
985.00000,0.68600000,2.3136186E+17
986.00000,0.74900000,2.3173341E+17
987.00000,0.73700000,2.3209937E+17
988.00000,0.73300000,2.3246372E+17
989.00000,0.74700000,2.3283540E+17
990.00000,0.73000000,2.3319899E+17
991.00000,0.75100000,2.3357342E+17
992.00000,0.74900000,2.3394723E+17
993.00000,0.73500000,2.3431442E+17
994.00000,0.75200000,2.3469048E+17
995.00000,0.75000000,2.3506592E+17
996.00000,0.74700000,2.3544023E+17
997.00000,0.73800000,2.3581041E+17
998.00000,0.73700000,2.3618045E+17
999.00000,0.73600000,2.3655036E+17
1000.0000,0.73300000,2.3691914E+17
1001.0000,0.74200000,2.3729281E+17
1002.0000,0.72600000,2.3765879E+17
1003.0000,0.73200000,2.3802817E+17
1004.0000,0.72100000,2.3839235E+17
1005.0000,0.68000000,2.3873617E+17
1006.0000,0.71100000,2.3909602E+17
1007.0000,0.72500000,2.3946332E+17
1008.0000,0.72500000,2.3983099E+17
1009.0000,0.71800000,2.4019547E+17
1010.0000,0.71700000,2.4055980E+17
1011.0000,0.72100000,2.4092652E+17
1012.0000,0.71700000,2.4129157E+17
1013.0000,0.71600000,2.4165648E+17
1014.0000,0.71900000,2.4202327E+17
1015.0000,0.70600000,2.4238379E+17
1016.0000,0.70900000,2.4274619E+17
1017.0000,0.70100000,2.4310486E+17
1018.0000,0.71200000,2.4346952E+17
1019.0000,0.68700000,2.4382171E+17
1020.0000,0.69700000,2.4417939E+17
1021.0000,0.70000000,2.4453895E+17
1022.0000,0.68800000,2.4489270E+17
1023.0000,0.69300000,2.4524937E+17
1024.0000,0.68900000,2.4560433E+17
1025.0000,0.69600000,2.4596324E+17
1026.0000,0.69400000,2.4632147E+17
1027.0000,0.69100000,2.4667850E+17
1028.0000,0.69200000,2.4703639E+17
1029.0000,0.68400000,2.4739049E+17
1030.0000,0.68900000,2.4774753E+17
1031.0000,0.68500000,2.4810283E+17
1032.0000,0.68600000,2.4845900E+17
1033.0000,0.67400000,2.4880928E+17
1034.0000,0.67800000,2.4916198E+17
1035.0000,0.68000000,2.4951607E+17
1036.0000,0.68000000,2.4987049E+17
1037.0000,0.67300000,2.5022160E+17
1038.0000,0.67000000,2.5057149E+17
1039.0000,0.67400000,2.5092381E+17
1040.0000,0.67000000,2.5127437E+17
1041.0000,0.67000000,2.5162526E+17
1042.0000,0.67000000,2.5197650E+17
1043.0000,0.66300000,2.5232440E+17
1044.0000,0.66600000,2.5267420E+17
1045.0000,0.66300000,2.5302277E+17
1046.0000,0.64500000,2.5336220E+17
1047.0000,0.65500000,2.5370722E+17
1048.0000,0.66100000,2.5405573E+17
1049.0000,0.65700000,2.5440246E+17
1050.0000,0.65300000,2.5474741E+17
1051.0000,0.65300000,2.5509269E+17
1052.0000,0.64900000,2.5543618E+17
1053.0000,0.64700000,2.5577894E+17
1054.0000,0.64500000,2.5612096E+17
1055.0000,0.64700000,2.5646437E+17
1056.0000,0.64500000,2.5680704E+17
1057.0000,0.64300000,2.5714898E+17
1058.0000,0.63600000,2.5748751E+17
1059.0000,0.61700000,2.5781623E+17
1060.0000,0.63400000,2.5815434E+17
1061.0000,0.61900000,2.5848475E+17
1062.0000,0.63100000,2.5882189E+17
1063.0000,0.62100000,2.5915400E+17
1064.0000,0.63000000,2.5949124E+17
1065.0000,0.62700000,2.5982719E+17
1066.0000,0.61500000,2.6015702E+17
1067.0000,0.61900000,2.6048930E+17
1068.0000,0.61800000,2.6082136E+17
1069.0000,0.58500000,2.6113598E+17
1070.0000,0.60300000,2.6146059E+17
1071.0000,0.61500000,2.6179196E+17
1072.0000,0.61400000,2.6212311E+17
1073.0000,0.60200000,2.6244808E+17
1074.0000,0.62000000,2.6278309E+17
1075.0000,0.59100000,2.6310272E+17
1076.0000,0.61300000,2.6343456E+17
1077.0000,0.60300000,2.6376129E+17
1078.0000,0.60200000,2.6408778E+17
1079.0000,0.60300000,2.6441511E+17
1080.0000,0.59600000,2.6473895E+17
1081.0000,0.57900000,2.6505384E+17
1082.0000,0.58800000,2.6537392E+17
1083.0000,0.59600000,2.6569865E+17
1084.0000,0.57700000,2.6601333E+17
1085.0000,0.59200000,2.6633648E+17
1086.0000,0.55300000,2.6663862E+17
1087.0000,0.56500000,2.6694760E+17
1088.0000,0.59100000,2.6727110E+17
1089.0000,0.57800000,2.6758777E+17
1090.0000,0.55400000,2.6789157E+17
1091.0000,0.58700000,2.6821377E+17
1092.0000,0.58000000,2.6853241E+17
1093.0000,0.50900000,2.6881231E+17
1094.0000,0.53800000,2.6910842E+17
1095.0000,0.51900000,2.6939433E+17
1096.0000,0.50200000,2.6967113E+17
1097.0000,0.57700000,2.6998958E+17
1098.0000,0.50200000,2.7026689E+17
1099.0000,0.50600000,2.7054666E+17
1100.0000,0.48400000,2.7081451E+17
1101.0000,0.49600000,2.7108925E+17
1102.0000,0.46800000,2.7134872E+17
1103.0000,0.46500000,2.7160676E+17
1104.0000,0.46600000,2.7186558E+17
1105.0000,0.50500000,2.7214633E+17
1106.0000,0.39700000,2.7236723E+17
1107.0000,0.48200000,2.7263567E+17
1108.0000,0.41400000,2.7286645E+17
1109.0000,0.41200000,2.7309632E+17
1110.0000,0.47800000,2.7336325E+17
1111.0000,0.33100000,2.7354826E+17
1112.0000,0.41200000,2.7377876E+17
1113.0000,0.26800000,2.7392882E+17
1114.0000,0.29900000,2.7409640E+17
1115.0000,0.24900000,2.7423608E+17
1116.0000,0.20100000,2.7434893E+17
1117.0000,7.9400000E-2,2.7439355E+17
1118.0000,0.21700000,2.7451561E+17
1119.0000,0.11300000,2.7457922E+17
1120.0000,0.14200000,2.7465924E+17
1121.0000,0.18500000,2.7476357E+17
1122.0000,8.1400000E-2,2.7480952E+17
1123.0000,0.12800000,2.7488184E+17
1124.0000,0.10800000,2.7494291E+17
1125.0000,0.14400000,2.7502441E+17
1126.0000,5.1400000E-2,2.7505353E+17
1127.0000,0.15700000,2.7514255E+17
1128.0000,9.8900000E-2,2.7519867E+17
1129.0000,0.10600000,2.7525888E+17
1130.0000,7.0400000E-2,2.7529890E+17
1131.0000,0.29500000,2.7546676E+17
1132.0000,0.23300000,2.7559946E+17
1133.0000,0.15300000,2.7568667E+17
1134.0000,4.1600000E-2,2.7571040E+17
1135.0000,1.5400000E-2,2.7571920E+17
1136.0000,0.12800000,2.7579235E+17
1137.0000,0.28700000,2.7595652E+17
1138.0000,0.20300000,2.7607274E+17
1139.0000,0.29800000,2.7624351E+17
1140.0000,0.25500000,2.7638976E+17
1141.0000,0.19300000,2.7650055E+17
1142.0000,0.22400000,2.7662925E+17
1143.0000,0.31100000,2.7680808E+17
1144.0000,0.11300000,2.7687312E+17
1145.0000,0.14600000,2.7695722E+17
1146.0000,0.15700000,2.7704774E+17
1147.0000,5.9000000E-2,2.7708179E+17
1148.0000,0.27000000,2.7723773E+17
1149.0000,0.21800000,2.7736375E+17
1150.0000,0.12100000,2.7743376E+17
1151.0000,0.20300000,2.7755131E+17
1152.0000,0.24700000,2.7769446E+17
1153.0000,0.23700000,2.7783194E+17
1154.0000,0.14200000,2.7791438E+17
1155.0000,0.31200000,2.7809568E+17
1156.0000,0.28000000,2.7825852E+17
1157.0000,0.31400000,2.7844130E+17
1158.0000,0.31100000,2.7862248E+17
1159.0000,0.33600000,2.7881840E+17
1160.0000,0.28600000,2.7898531E+17
1161.0000,0.34700000,2.7918799E+17
1162.0000,0.34900000,2.7939202E+17
1163.0000,0.46700000,2.7966526E+17
1164.0000,0.40100000,2.7990009E+17
1165.0000,0.38800000,2.8012750E+17
1166.0000,0.37400000,2.8034690E+17
1167.0000,0.40900000,2.8058703E+17
1168.0000,0.41800000,2.8083266E+17
1169.0000,0.42200000,2.8108084E+17
1170.0000,0.45700000,2.8134985E+17
1171.0000,0.44700000,2.8161319E+17
1172.0000,0.45400000,2.8188088E+17
1173.0000,0.45500000,2.8214940E+17
1174.0000,0.33600000,2.8234785E+17
1175.0000,0.45100000,2.8261446E+17
1176.0000,0.47500000,2.8289549E+17
1177.0000,0.47100000,2.8317439E+17
1178.0000,0.35900000,2.8338715E+17
1179.0000,0.48200000,2.8367305E+17
1180.0000,0.43900000,2.8393367E+17
1181.0000,0.45400000,2.8420342E+17
1182.0000,0.32200000,2.8439490E+17
1183.0000,0.43700000,2.8465499E+17
1184.0000,0.41900000,2.8490458E+17
1185.0000,0.40600000,2.8514662E+17
1186.0000,0.47600000,2.8543064E+17
1187.0000,0.45400000,2.8570176E+17
1188.0000,0.33400000,2.8590139E+17
1189.0000,0.41500000,2.8614963E+17
1190.0000,0.46100000,2.8642563E+17
1191.0000,0.44500000,2.8669227E+17
1192.0000,0.47200000,2.8697533E+17
1193.0000,0.45300000,2.8724722E+17
1194.0000,0.46800000,2.8752835E+17
1195.0000,0.44600000,2.8779648E+17
1196.0000,0.43000000,2.8805522E+17
1197.0000,0.47600000,2.8834187E+17
1198.0000,0.43300000,2.8860285E+17
1199.0000,0.36400000,2.8882242E+17
1200.0000,0.44700000,2.8909228E+17
1201.0000,0.43600000,2.8935572E+17
1202.0000,0.43600000,2.8961938E+17
1203.0000,0.43300000,2.8988145E+17
1204.0000,0.36100000,2.9010012E+17
1205.0000,0.43600000,2.9036444E+17
1206.0000,0.48000000,2.9065567E+17
1207.0000,0.42900000,2.9091618E+17
1208.0000,0.43200000,2.9117873E+17
1209.0000,0.41300000,2.9142993E+17
1210.0000,0.45200000,2.9170509E+17
1211.0000,0.42100000,2.9196158E+17
1212.0000,0.42400000,2.9222012E+17
1213.0000,0.46800000,2.9250572E+17
1214.0000,0.43300000,2.9277018E+17
1215.0000,0.42700000,2.9303120E+17
1216.0000,0.46500000,2.9331567E+17
1217.0000,0.45400000,2.9359364E+17
1218.0000,0.45800000,2.9387429E+17
1219.0000,0.44500000,2.9414720E+17
1220.0000,0.45700000,2.9442770E+17
1221.0000,0.46400000,2.9471273E+17
1222.0000,0.45000000,2.9498938E+17
1223.0000,0.44300000,2.9526196E+17
1224.0000,0.44700000,2.9553722E+17
1225.0000,0.46100000,2.9582133E+17
1226.0000,0.46700000,2.9610938E+17
1227.0000,0.43200000,2.9637605E+17
1228.0000,0.46500000,2.9666333E+17
1229.0000,0.46600000,2.9695147E+17
1230.0000,0.45900000,2.9723550E+17
1231.0000,0.47100000,2.9752720E+17
1232.0000,0.46500000,2.9781542E+17
1233.0000,0.45300000,2.9809642E+17
1234.0000,0.46900000,2.9838759E+17
1235.0000,0.46400000,2.9867589E+17
1236.0000,0.46800000,2.9896691E+17
1237.0000,0.46200000,2.9925442E+17
1238.0000,0.46700000,2.9954529E+17
1239.0000,0.46100000,2.9983265E+17
1240.0000,0.45900000,3.0011900E+17
1241.0000,0.46100000,3.0040682E+17
1242.0000,0.46100000,3.0069488E+17
1243.0000,0.45600000,3.0098004E+17
1244.0000,0.45400000,3.0126418E+17
1245.0000,0.45500000,3.0154917E+17
1246.0000,0.45800000,3.0183627E+17
1247.0000,0.45600000,3.0212235E+17
1248.0000,0.45700000,3.0240929E+17
1249.0000,0.45800000,3.0269708E+17
1250.0000,0.45600000,3.0298385E+17
1251.0000,0.45100000,3.0326770E+17
1252.0000,0.45000000,3.0355115E+17
1253.0000,0.44600000,3.0383230E+17
1254.0000,0.44200000,3.0411115E+17
1255.0000,0.44900000,3.0439465E+17
1256.0000,0.43900000,3.0467205E+17
1257.0000,0.43400000,3.0494651E+17
1258.0000,0.44400000,3.0522752E+17
1259.0000,0.42600000,3.0549735E+17
1260.0000,0.43000000,3.0576993E+17
1261.0000,0.41000000,3.0603004E+17
1262.0000,0.39500000,3.0628083E+17
1263.0000,0.39900000,3.0653436E+17
1264.0000,0.37000000,3.0676965E+17
1265.0000,0.39500000,3.0702103E+17
1266.0000,0.38400000,3.0726561E+17
1267.0000,0.38700000,3.0751230E+17
1268.0000,0.36900000,3.0774769E+17
1269.0000,0.24600000,3.0790475E+17
1270.0000,0.38600000,3.0815138E+17
1271.0000,0.40700000,3.0841163E+17
1272.0000,0.40800000,3.0867273E+17
1273.0000,0.40500000,3.0893211E+17
1274.0000,0.40500000,3.0919170E+17
1275.0000,0.41100000,3.0945533E+17
1276.0000,0.41600000,3.0972239E+17
1277.0000,0.41900000,3.0999158E+17
1278.0000,0.42600000,3.1026548E+17
1279.0000,0.42300000,3.1053766E+17
1280.0000,0.42100000,3.1080878E+17
1281.0000,0.41200000,3.1107430E+17
1282.0000,0.37200000,3.1131423E+17
1283.0000,0.40600000,3.1157629E+17
1284.0000,0.42000000,3.1184760E+17
1285.0000,0.42300000,3.1212107E+17
1286.0000,0.42600000,3.1239668E+17
1287.0000,0.42100000,3.1266928E+17
1288.0000,0.41900000,3.1294079E+17
1289.0000,0.40800000,3.1320537E+17
1290.0000,0.41200000,3.1347276E+17
1291.0000,0.41700000,3.1374360E+17
1292.0000,0.39500000,3.1400036E+17
1293.0000,0.41100000,3.1426772E+17
1294.0000,0.40300000,3.1453007E+17
1295.0000,0.40400000,3.1479329E+17
1296.0000,0.38800000,3.1504627E+17
1297.0000,0.37000000,3.1528770E+17
1298.0000,0.39100000,3.1554303E+17
1299.0000,0.40700000,3.1580902E+17
1300.0000,0.35200000,3.1603924E+17
1301.0000,0.36100000,3.1627553E+17
1302.0000,0.39100000,3.1653165E+17
1303.0000,0.34500000,3.1675781E+17
1304.0000,0.30000000,3.1695462E+17
1305.0000,0.38300000,3.1720608E+17
1306.0000,0.38300000,3.1745773E+17
1307.0000,0.30500000,3.1765828E+17
1308.0000,0.34600000,3.1788597E+17
1309.0000,0.38300000,3.1813820E+17
1310.0000,0.30000000,3.1833591E+17
1311.0000,0.33300000,3.1855555E+17
1312.0000,0.33200000,3.1877469E+17
1313.0000,0.31300000,3.1898145E+17
1314.0000,0.28800000,3.1917184E+17
1315.0000,0.28500000,3.1936039E+17
1316.0000,0.32300000,3.1957424E+17
1317.0000,0.31100000,3.1978031E+17
1318.0000,0.33200000,3.2000045E+17
1319.0000,0.26800000,3.2017829E+17
1320.0000,0.25800000,3.2034963E+17
1321.0000,0.29800000,3.2054768E+17
1322.0000,0.30100000,3.2074787E+17
1323.0000,0.23200000,3.2090229E+17
1324.0000,0.26200000,3.2107681E+17
1325.0000,0.32100000,3.2129079E+17
1326.0000,0.28000000,3.2147758E+17
1327.0000,0.26600000,3.2165517E+17
1328.0000,0.23400000,3.2181151E+17
1329.0000,0.17700000,3.2192985E+17
1330.0000,0.22900000,3.2208308E+17
1331.0000,0.14400000,3.2217951E+17
1332.0000,0.14500000,3.2227668E+17
1333.0000,0.20300000,3.2241282E+17
1334.0000,0.16900000,3.2252624E+17
1335.0000,0.23100000,3.2268139E+17
1336.0000,0.18300000,3.2280439E+17
1337.0000,0.16400000,3.2291470E+17
1338.0000,0.17800000,3.2303452E+17
1339.0000,0.17600000,3.2315309E+17
1340.0000,0.16800000,3.2326635E+17
1341.0000,0.17000000,3.2338104E+17
1342.0000,0.17800000,3.2350122E+17
1343.0000,0.12700000,3.2358703E+17
1344.0000,7.5400000E-2,3.2363801E+17
1345.0000,0.10900000,3.2371177E+17
1346.0000,5.8000000E-2,3.2375104E+17
1347.0000,5.9900000E-2,3.2379163E+17
1348.0000,4.7000000E-3,3.2379482E+17
1349.0000,1.6100000E-2,3.2380575E+17
1350.0000,1.6000000E-2,3.2381662E+17
1351.0000,4.6000000E-3,3.2381974E+17
1352.0000,1.5000000E-3,3.2382076E+17
1353.0000,1.0000000E-4,3.2382083E+17
1354.0000,3.0000000E-4,3.2382103E+17
1355.0000,0.0000000,3.2382103E+17
1356.0000,0.0000000,3.2382103E+17
1357.0000,1.0000000E-4,3.2382110E+17
1358.0000,0.0000000,3.2382110E+17
1359.0000,0.0000000,3.2382110E+17
1360.0000,0.0000000,3.2382110E+17
1361.0000,0.0000000,3.2382110E+17
1362.0000,0.0000000,3.2382110E+17
1363.0000,0.0000000,3.2382110E+17
1364.0000,0.0000000,3.2382110E+17
1365.0000,0.0000000,3.2382110E+17
1366.0000,0.0000000,3.2382110E+17
1367.0000,0.0000000,3.2382110E+17
1368.0000,0.0000000,3.2382110E+17
1369.0000,0.0000000,3.2382110E+17
1370.0000,0.0000000,3.2382110E+17
1371.0000,0.0000000,3.2382110E+17
1372.0000,0.0000000,3.2382110E+17
1373.0000,0.0000000,3.2382110E+17
1374.0000,2.0000000E-4,3.2382124E+17
1375.0000,3.0000000E-4,3.2382145E+17
1376.0000,3.0000000E-4,3.2382166E+17
1377.0000,1.0000000E-4,3.2382173E+17
1378.0000,1.1000000E-3,3.2382249E+17
1379.0000,1.0000000E-4,3.2382256E+17
1380.0000,1.0000000E-4,3.2382263E+17
1381.0000,0.0000000,3.2382263E+17
1382.0000,0.0000000,3.2382263E+17
1383.0000,0.0000000,3.2382263E+17
1384.0000,0.0000000,3.2382263E+17
1385.0000,0.0000000,3.2382263E+17
1386.0000,0.0000000,3.2382263E+17
1387.0000,2.0000000E-4,3.2382277E+17
1388.0000,0.0000000,3.2382277E+17
1389.0000,6.0000000E-4,3.2382319E+17
1390.0000,5.0000000E-4,3.2382354E+17
1391.0000,3.0000000E-4,3.2382375E+17
1392.0000,0.0000000,3.2382375E+17
1393.0000,1.0000000E-4,3.2382382E+17
1394.0000,1.0000000E-4,3.2382389E+17
1395.0000,0.0000000,3.2382389E+17
1396.0000,0.0000000,3.2382389E+17
1397.0000,0.0000000,3.2382389E+17
1398.0000,1.3000000E-3,3.2382480E+17
1399.0000,8.0000000E-4,3.2382536E+17
1400.0000,0.0000000,3.2382536E+17
1401.0000,0.0000000,3.2382536E+17
1402.0000,1.8000000E-3,3.2382663E+17
1403.0000,2.4000000E-3,3.2382833E+17
1404.0000,7.0000000E-4,3.2382882E+17
1405.0000,0.0000000,3.2382882E+17
1406.0000,2.0000000E-3,3.2383024E+17
1407.0000,2.0000000E-4,3.2383038E+17
1408.0000,1.6000000E-3,3.2383151E+17
1409.0000,6.0000000E-4,3.2383194E+17
1410.0000,5.0000000E-4,3.2383229E+17
1411.0000,2.1000000E-3,3.2383378E+17
1412.0000,2.6000000E-3,3.2383563E+17
1413.0000,2.3300000E-2,3.2385219E+17
1414.0000,4.0000000E-4,3.2385248E+17
1415.0000,2.0000000E-4,3.2385262E+17
1416.0000,3.5500000E-2,3.2387791E+17
1417.0000,1.1700000E-2,3.2388625E+17
1418.0000,1.3500000E-2,3.2389588E+17
1419.0000,2.1000000E-3,3.2389738E+17
1420.0000,8.2000000E-3,3.2390324E+17
1421.0000,9.1000000E-3,3.2390974E+17
1422.0000,4.6200000E-2,3.2394280E+17
1423.0000,9.2000000E-3,3.2394938E+17
1424.0000,1.6900000E-2,3.2396149E+17
1425.0000,2.5800000E-2,3.2397999E+17
1426.0000,2.7700000E-2,3.2399986E+17
1427.0000,4.9400000E-2,3.2403532E+17
1428.0000,4.5000000E-3,3.2403856E+17
1429.0000,3.7900000E-2,3.2406580E+17
1430.0000,6.1400000E-2,3.2410998E+17
1431.0000,5.0000000E-2,3.2414597E+17
1432.0000,2.5000000E-3,3.2414778E+17
1433.0000,3.5700000E-2,3.2417351E+17
1434.0000,2.0900000E-2,3.2418859E+17
1435.0000,2.1400000E-2,3.2420404E+17
1436.0000,3.8200000E-2,3.2423164E+17
1437.0000,2.9800000E-2,3.2425318E+17
1438.0000,1.3200000E-2,3.2426273E+17
1439.0000,5.0900000E-2,3.2429958E+17
1440.0000,3.9500000E-2,3.2432820E+17
1441.0000,3.1700000E-2,3.2435118E+17
1442.0000,3.6200000E-2,3.2437744E+17
1443.0000,4.4900000E-2,3.2441004E+17
1444.0000,6.1600000E-2,3.2445479E+17
1445.0000,4.9600000E-2,3.2449085E+17
1446.0000,2.3000000E-2,3.2450758E+17
1447.0000,3.6100000E-2,3.2453386E+17
1448.0000,0.11500000,3.2461764E+17
1449.0000,0.10200000,3.2469199E+17
1450.0000,2.7300000E-2,3.2471191E+17
1451.0000,1.1200000E-2,3.2472008E+17
1452.0000,6.2200000E-2,3.2476552E+17
1453.0000,8.1700000E-2,3.2482525E+17
1454.0000,0.13700000,3.2492546E+17
1455.0000,6.6000000E-2,3.2497377E+17
1456.0000,8.8300000E-2,3.2503846E+17
1457.0000,0.11700000,3.2512422E+17
1458.0000,0.13600000,3.2522398E+17
1459.0000,0.16300000,3.2534362E+17
1460.0000,8.5200000E-2,3.2540621E+17
1461.0000,9.0000000E-2,3.2547236E+17
1462.0000,0.13000000,3.2556798E+17
1463.0000,4.3100000E-2,3.2559970E+17
1464.0000,0.15100000,3.2571092E+17
1465.0000,9.3100000E-2,3.2577954E+17
1466.0000,6.5000000E-2,3.2582748E+17
1467.0000,3.5900000E-2,3.2585397E+17
1468.0000,7.6700000E-2,3.2591062E+17
1469.0000,9.4600000E-2,3.2598053E+17
1470.0000,4.9500000E-2,3.2601714E+17
1471.0000,1.7800000E-2,3.2603032E+17
1472.0000,4.6600000E-2,3.2606483E+17
1473.0000,7.0000000E-2,3.2611670E+17
1474.0000,9.7100000E-2,3.2618871E+17
1475.0000,0.18400000,3.2632525E+17
1476.0000,6.8600000E-2,3.2637619E+17
1477.0000,6.9500000E-2,3.2642783E+17
1478.0000,6.3300000E-2,3.2647490E+17
1479.0000,0.12000000,3.2656419E+17
1480.0000,6.0500000E-2,3.2660924E+17
1481.0000,0.11500000,3.2669493E+17
1482.0000,5.8300000E-2,3.2673839E+17
1483.0000,0.14800000,3.2684882E+17
1484.0000,0.13700000,3.2695110E+17
1485.0000,0.12500000,3.2704449E+17
1486.0000,0.12300000,3.2713644E+17
1487.0000,6.0500000E-2,3.2718171E+17
1488.0000,9.3900000E-2,3.2725200E+17
1489.0000,0.18900000,3.2739358E+17
1490.0000,0.17400000,3.2752402E+17
1491.0000,0.19700000,3.2767179E+17
1492.0000,0.16400000,3.2779489E+17
1493.0000,0.18100000,3.2793085E+17
1494.0000,0.20300000,3.2808343E+17
1495.0000,0.18200000,3.2822032E+17
1496.0000,0.16800000,3.2834676E+17
1497.0000,0.22800000,3.2851848E+17
1498.0000,0.18900000,3.2866092E+17
1499.0000,0.21700000,3.2882457E+17
1500.0000,0.25000000,3.2901323E+17
1501.0000,0.26500000,3.2921335E+17
1502.0000,0.23300000,3.2938941E+17
1503.0000,0.18400000,3.2952855E+17
1504.0000,0.16000000,3.2964961E+17
1505.0000,0.18400000,3.2978893E+17
1506.0000,0.25700000,3.2998365E+17
1507.0000,0.25400000,3.3017623E+17
1508.0000,0.24200000,3.3035983E+17
1509.0000,0.18600000,3.3050104E+17
1510.0000,0.27000000,3.3070615E+17
1511.0000,0.26400000,3.3090684E+17
1512.0000,0.26000000,3.3110462E+17
1513.0000,0.24200000,3.3128883E+17
1514.0000,0.22500000,3.3146021E+17
1515.0000,0.26500000,3.3166219E+17
1516.0000,0.25600000,3.3185744E+17
1517.0000,0.24900000,3.3204748E+17
1518.0000,0.25100000,3.3223917E+17
1519.0000,0.24400000,3.3242564E+17
1520.0000,0.26400000,3.3262752E+17
1521.0000,0.27400000,3.3283719E+17
1522.0000,0.26300000,3.3303857E+17
1523.0000,0.27900000,3.3325235E+17
1524.0000,0.27500000,3.3346320E+17
1525.0000,0.25800000,3.3366114E+17
1526.0000,0.26700000,3.3386613E+17
1527.0000,0.26100000,3.3406664E+17
1528.0000,0.27900000,3.3428111E+17
1529.0000,0.27200000,3.3449035E+17
1530.0000,0.25500000,3.3468663E+17
1531.0000,0.26900000,3.3489383E+17
1532.0000,0.27800000,3.3510810E+17
1533.0000,0.27600000,3.3532096E+17
1534.0000,0.26800000,3.3552779E+17
1535.0000,0.26600000,3.3573322E+17
1536.0000,0.27400000,3.3594495E+17
1537.0000,0.27300000,3.3615605E+17
1538.0000,0.27100000,3.3636575E+17
1539.0000,0.27200000,3.3657635E+17
1540.0000,0.26400000,3.3678089E+17
1541.0000,0.26800000,3.3698866E+17
1542.0000,0.26900000,3.3719735E+17
1543.0000,0.27100000,3.3740772E+17
1544.0000,0.27100000,3.3761823E+17
1545.0000,0.27600000,3.3783276E+17
1546.0000,0.27400000,3.3804588E+17
1547.0000,0.27200000,3.3825757E+17
1548.0000,0.26600000,3.3846474E+17
1549.0000,0.27300000,3.3867748E+17
1550.0000,0.26900000,3.3888725E+17
1551.0000,0.27000000,3.3909794E+17
1552.0000,0.27100000,3.3930954E+17
1553.0000,0.27100000,3.3952127E+17
1554.0000,0.26400000,3.3972767E+17
1555.0000,0.26700000,3.3993655E+17
1556.0000,0.26200000,3.4014165E+17
1557.0000,0.27000000,3.4035315E+17
1558.0000,0.26800000,3.4056322E+17
1559.0000,0.26700000,3.4077263E+17
1560.0000,0.26500000,3.4098062E+17
1561.0000,0.26900000,3.4119187E+17
1562.0000,0.26700000,3.4140169E+17
1563.0000,0.26600000,3.4161086E+17
1564.0000,0.26200000,3.4181702E+17
1565.0000,0.26700000,3.4202724E+17
1566.0000,0.26200000,3.4223366E+17
1567.0000,0.26200000,3.4244021E+17
1568.0000,0.25700000,3.4264294E+17
1569.0000,0.25400000,3.4284344E+17
1570.0000,0.24100000,3.4303380E+17
1571.0000,0.23400000,3.4321875E+17
1572.0000,0.23700000,3.4340619E+17
1573.0000,0.23300000,3.4359058E+17
1574.0000,0.24100000,3.4378142E+17
1575.0000,0.23900000,3.4397080E+17
1576.0000,0.24600000,3.4416585E+17
1577.0000,0.21500000,3.4433643E+17
1578.0000,0.23500000,3.4452299E+17
1579.0000,0.23600000,3.4471047E+17
1580.0000,0.24400000,3.4490443E+17
1581.0000,0.24800000,3.4510169E+17
1582.0000,0.24100000,3.4529350E+17
1583.0000,0.24700000,3.4549021E+17
1584.0000,0.24800000,3.4568785E+17
1585.0000,0.25800000,3.4589358E+17
1586.0000,0.25500000,3.4609705E+17
1587.0000,0.25200000,3.4629825E+17
1588.0000,0.25000000,3.4649798E+17
1589.0000,0.23200000,3.4668345E+17
1590.0000,0.24100000,3.4687623E+17
1591.0000,0.24100000,3.4706913E+17
1592.0000,0.25200000,3.4727097E+17
1593.0000,0.25800000,3.4747774E+17
1594.0000,0.25600000,3.4768304E+17
1595.0000,0.25800000,3.4789007E+17
1596.0000,0.24400000,3.4808599E+17
1597.0000,0.24600000,3.4828364E+17
1598.0000,0.25400000,3.4848784E+17
1599.0000,0.24100000,3.4868172E+17
1600.0000,0.23700000,3.4887249E+17
1601.0000,0.22300000,3.4905211E+17
1602.0000,0.22400000,3.4923265E+17
1603.0000,0.22300000,3.4941249E+17
1604.0000,0.22800000,3.4959648E+17
1605.0000,0.23600000,3.4978705E+17
1606.0000,0.24100000,3.4998177E+17
1607.0000,0.23200000,3.5016934E+17
1608.0000,0.22900000,3.5035459E+17
1609.0000,0.22700000,3.5053835E+17
1610.0000,0.21700000,3.5071412E+17
1611.0000,0.22600000,3.5089729E+17
1612.0000,0.23000000,3.5108382E+17
1613.0000,0.23700000,3.5127614E+17
1614.0000,0.23800000,3.5146940E+17
1615.0000,0.24000000,3.5166440E+17
1616.0000,0.23000000,3.5185140E+17
1617.0000,0.23400000,3.5204176E+17
1618.0000,0.24300000,3.5223956E+17
1619.0000,0.24000000,3.5243505E+17
1620.0000,0.23400000,3.5262576E+17
1621.0000,0.23400000,3.5281660E+17
1622.0000,0.23700000,3.5301000E+17
1623.0000,0.24200000,3.5320760E+17
1624.0000,0.24200000,3.5340532E+17
1625.0000,0.23700000,3.5359908E+17
1626.0000,0.23900000,3.5379459E+17
1627.0000,0.24000000,3.5399104E+17
1628.0000,0.24100000,3.5418843E+17
1629.0000,0.24100000,3.5438594E+17
1630.0000,0.23600000,3.5457947E+17
1631.0000,0.23700000,3.5477395E+17
1632.0000,0.23800000,3.5496936E+17
1633.0000,0.23200000,3.5515996E+17
1634.0000,0.23200000,3.5535068E+17
1635.0000,0.23300000,3.5554234E+17
1636.0000,0.23500000,3.5573576E+17
1637.0000,0.22600000,3.5592189E+17
1638.0000,0.21900000,3.5610236E+17
1639.0000,0.22000000,3.5628377E+17
1640.0000,0.21500000,3.5646116E+17
1641.0000,0.21900000,3.5664197E+17
1642.0000,0.22000000,3.5682371E+17
1643.0000,0.21500000,3.5700142E+17
1644.0000,0.22300000,3.5718587E+17
1645.0000,0.21800000,3.5736628E+17
1646.0000,0.21700000,3.5754598E+17
1647.0000,0.22700000,3.5773408E+17
1648.0000,0.21600000,3.5791316E+17
1649.0000,0.21800000,3.5809402E+17
1650.0000,0.22500000,3.5828080E+17
1651.0000,0.20800000,3.5845356E+17
1652.0000,0.22300000,3.5863890E+17
1653.0000,0.22200000,3.5882353E+17
1654.0000,0.21500000,3.5900243E+17
1655.0000,0.22200000,3.5918728E+17
1656.0000,0.22000000,3.5937057E+17
1657.0000,0.22200000,3.5955563E+17
1658.0000,0.22400000,3.5974248E+17
1659.0000,0.22100000,3.5992694E+17
1660.0000,0.22300000,3.6011318E+17
1661.0000,0.22300000,3.6029953E+17
1662.0000,0.21800000,3.6048181E+17
1663.0000,0.22200000,3.6066755E+17
1664.0000,0.22000000,3.6085172E+17
1665.0000,0.21100000,3.6102847E+17
1666.0000,0.17800000,3.6117766E+17
1667.0000,0.21000000,3.6135378E+17
1668.0000,0.21400000,3.6153336E+17
1669.0000,0.21500000,3.6171389E+17
1670.0000,0.22100000,3.6189957E+17
1671.0000,0.21800000,3.6208284E+17
1672.0000,0.21100000,3.6226033E+17
1673.0000,0.21600000,3.6244214E+17
1674.0000,0.21500000,3.6262321E+17
1675.0000,0.21300000,3.6280270E+17
1676.0000,0.21100000,3.6298062E+17
1677.0000,0.21200000,3.6315948E+17
1678.0000,0.20900000,3.6333592E+17
1679.0000,0.21200000,3.6351500E+17
1680.0000,0.20500000,3.6368826E+17
1681.0000,0.19400000,3.6385233E+17
1682.0000,0.20300000,3.6402411E+17
1683.0000,0.20900000,3.6420108E+17
1684.0000,0.19700000,3.6436798E+17
1685.0000,0.21300000,3.6454855E+17
1686.0000,0.21000000,3.6472667E+17
1687.0000,0.20400000,3.6489981E+17
1688.0000,0.21000000,3.6507815E+17
1689.0000,0.20700000,3.6525405E+17
1690.0000,0.20500000,3.6542835E+17
1691.0000,0.19300000,3.6559254E+17
1692.0000,0.20700000,3.6576875E+17
1693.0000,0.21100000,3.6594847E+17
1694.0000,0.20400000,3.6612233E+17
1695.0000,0.20900000,3.6630055E+17
1696.0000,0.20900000,3.6647889E+17
1697.0000,0.18100000,3.6663342E+17
1698.0000,0.20700000,3.6681025E+17
1699.0000,0.20500000,3.6698548E+17
1700.0000,0.19900000,3.6724077E+17
1702.0000,0.20300000,3.6767534E+17
1705.0000,0.19700000,3.6835127E+17
1710.0000,0.18700000,3.6915565E+17
1715.0000,0.18900000,3.6997102E+17
1720.0000,0.18600000,3.7077578E+17
1725.0000,0.17800000,3.7154816E+17
1730.0000,0.17400000,3.7230538E+17
1735.0000,0.16100000,3.7300805E+17
1740.0000,0.16800000,3.7374338E+17
1745.0000,0.15400000,3.7441937E+17
1750.0000,0.16500000,3.7514572E+17
1755.0000,0.15300000,3.7582117E+17
1760.0000,0.16000000,3.7652954E+17
1765.0000,0.13300000,3.7712004E+17
1770.0000,0.14100000,3.7774783E+17
1775.0000,0.11500000,3.7826131E+17
1780.0000,0.10000000,3.7870907E+17
1785.0000,7.6800000E-2,3.7905391E+17
1790.0000,8.8600000E-2,3.7945286E+17
1795.0000,4.6800000E-2,3.7966418E+17
1800.0000,3.1700000E-2,3.7980771E+17
1805.0000,1.4800000E-2,3.7987491E+17
1810.0000,9.7000000E-3,3.7991907E+17
1815.0000,3.3000000E-3,3.7993414E+17
1820.0000,1.0000000E-3,3.7993872E+17
1825.0000,1.3000000E-3,3.7994469E+17
1830.0000,0.0000000,3.7994469E+17
1835.0000,0.0000000,3.7994469E+17
1840.0000,0.0000000,3.7994469E+17
1845.0000,0.0000000,3.7994469E+17
1850.0000,0.0000000,3.7994469E+17
1855.0000,0.0000000,3.7994469E+17
1860.0000,0.0000000,3.7994469E+17
1865.0000,0.0000000,3.7994469E+17
1870.0000,0.0000000,3.7994469E+17
1875.0000,0.0000000,3.7994469E+17
1880.0000,1.0000000E-4,3.7994516E+17
1885.0000,0.0000000,3.7994516E+17
1890.0000,2.0000000E-4,3.7994611E+17
1895.0000,1.0000000E-4,3.7994659E+17
1900.0000,0.0000000,3.7994659E+17
1905.0000,0.0000000,3.7994659E+17
1910.0000,0.0000000,3.7994659E+17
1915.0000,0.0000000,3.7994659E+17
1920.0000,4.0000000E-4,3.7994852E+17
1925.0000,9.0000000E-4,3.7995288E+17
1930.0000,6.0000000E-4,3.7995579E+17
1935.0000,3.6000000E-3,3.7997331E+17
1940.0000,3.3000000E-3,3.7998942E+17
1945.0000,1.0800000E-2,3.8004226E+17
1950.0000,1.6700000E-2,3.8012418E+17
1955.0000,1.0000000E-2,3.8017335E+17
1960.0000,2.1800000E-2,3.8028084E+17
1965.0000,2.8500000E-2,3.8042171E+17
1970.0000,4.8700000E-2,3.8066305E+17
1975.0000,6.7700000E-2,3.8099939E+17
1980.0000,7.5300000E-2,3.8137443E+17
1985.0000,8.2800000E-2,3.8178788E+17
1990.0000,8.5400000E-2,3.8221538E+17
1995.0000,8.1000000E-2,3.8262187E+17
2000.0000,3.8000000E-2,3.8281305E+17
2005.0000,1.5000000E-2,3.8288870E+17
2010.0000,3.9600000E-2,3.8308892E+17
2015.0000,2.6600000E-2,3.8322375E+17
2020.0000,4.4900000E-2,3.8345190E+17
2025.0000,7.3800000E-2,3.8382783E+17
2030.0000,8.4600000E-2,3.8425984E+17
2035.0000,9.6100000E-2,3.8475178E+17
2040.0000,8.9500000E-2,3.8521106E+17
2045.0000,9.0800000E-2,3.8567816E+17
2050.0000,6.7700000E-2,3.8602727E+17
2055.0000,5.4700000E-2,3.8631003E+17
2060.0000,6.9000000E-2,3.8666759E+17
2065.0000,6.1700000E-2,3.8698809E+17
2070.0000,6.5500000E-2,3.8732915E+17
2075.0000,7.7200000E-2,3.8773211E+17
2080.0000,8.6600000E-2,3.8818522E+17
2085.0000,8.4900000E-2,3.8863051E+17
2090.0000,8.8800000E-2,3.8909737E+17
2095.0000,8.9500000E-2,3.8956903E+17
2100.0000,8.5900000E-2,3.9002280E+17
2105.0000,9.2900000E-2,3.9051472E+17
2110.0000,8.9400000E-2,3.9098923E+17
2115.0000,9.1400000E-2,3.9147550E+17
2120.0000,8.7300000E-2,3.9194106E+17
2125.0000,8.8400000E-2,3.9241360E+17
2130.0000,8.9500000E-2,3.9289314E+17
2135.0000,8.9800000E-2,3.9337542E+17
2140.0000,9.0500000E-2,3.9386260E+17
2145.0000,8.9200000E-2,3.9434390E+17
2150.0000,8.4400000E-2,3.9480036E+17
2155.0000,8.4600000E-2,3.9525897E+17
2160.0000,8.3900000E-2,3.9571484E+17
2165.0000,7.6100000E-2,3.9612929E+17
2170.0000,8.1800000E-2,3.9657581E+17
2175.0000,8.0200000E-2,3.9701460E+17
2180.0000,8.1600000E-2,3.9746207E+17
2185.0000,7.4300000E-2,3.9787046E+17
2190.0000,7.8800000E-2,3.9830456E+17
2195.0000,7.8800000E-2,3.9873966E+17
2200.0000,7.1000000E-2,3.9913258E+17
2205.0000,7.3800000E-2,3.9954192E+17
2210.0000,7.9100000E-2,3.9998166E+17
2215.0000,7.6100000E-2,4.0040568E+17
2220.0000,7.7500000E-2,4.0083847E+17
2225.0000,7.5200000E-2,4.0125937E+17
2230.0000,7.5600000E-2,4.0168345E+17
2235.0000,7.4100000E-2,4.0210005E+17
2240.0000,7.2900000E-2,4.0251082E+17
2245.0000,7.0600000E-2,4.0290952E+17
2250.0000,7.1700000E-2,4.0331533E+17
2255.0000,6.7500000E-2,4.0369823E+17
2260.0000,6.6700000E-2,4.0407742E+17
2265.0000,6.7900000E-2,4.0446429E+17
2270.0000,6.4700000E-2,4.0483374E+17
2275.0000,6.3800000E-2,4.0519885E+17
2280.0000,6.6100000E-2,4.0557795E+17
2285.0000,6.2900000E-2,4.0593950E+17
2290.0000,6.3000000E-2,4.0630241E+17
2295.0000,6.1100000E-2,4.0665515E+17
2300.0000,5.8700000E-2,4.0699476E+17
2305.0000,5.9000000E-2,4.0733686E+17
2310.0000,6.3700000E-2,4.0770701E+17
2315.0000,5.8000000E-2,4.0804476E+17
2320.0000,5.1900000E-2,4.0834765E+17
2325.0000,5.6100000E-2,4.0867575E+17
2330.0000,5.6700000E-2,4.0900808E+17
2335.0000,5.7800000E-2,4.0934758E+17
2340.0000,4.5700000E-2,4.0961658E+17
2345.0000,5.1300000E-2,4.0991919E+17
2350.0000,4.1400000E-2,4.1016393E+17
2355.0000,4.7300000E-2,4.1044413E+17
2360.0000,5.0100000E-2,4.1074156E+17
2365.0000,4.9300000E-2,4.1103485E+17
2370.0000,3.0700000E-2,4.1121788E+17
2375.0000,4.4000000E-2,4.1148075E+17
2380.0000,4.2400000E-2,4.1173459E+17
2385.0000,3.0700000E-2,4.1191877E+17
2390.0000,3.7000000E-2,4.1214122E+17
2395.0000,4.0500000E-2,4.1238522E+17
2400.0000,4.4000000E-2,4.1265085E+17
2405.0000,3.3500000E-2,4.1285352E+17
2410.0000,3.3700000E-2,4.1305782E+17
2415.0000,2.7200000E-2,4.1322306E+17
2420.0000,2.6500000E-2,4.1338438E+17
2425.0000,3.3000000E-2,4.1358568E+17
2430.0000,4.5000000E-2,4.1386075E+17
2435.0000,1.4800000E-2,4.1395141E+17
2440.0000,4.3100000E-2,4.1421595E+17
2445.0000,2.0700000E-2,4.1434326E+17
2450.0000,1.3600000E-2,4.1442708E+17
2455.0000,2.4800000E-2,4.1458023E+17
2460.0000,3.3300000E-2,4.1478630E+17
2465.0000,2.4100000E-2,4.1493574E+17
2470.0000,1.6700000E-2,4.1503950E+17
2475.0000,1.6400000E-2,4.1514160E+17
2480.0000,8.0000000E-3,4.1519151E+17
2485.0000,5.6000000E-3,4.1522651E+17
2490.0000,3.5000000E-3,4.1524844E+17
2495.0000,2.9000000E-3,4.1526664E+17
2500.0000,7.0000000E-3,4.1531066E+17
2505.0000,1.5000000E-3,4.1532011E+17
2510.0000,2.2000000E-3,4.1533400E+17
2515.0000,5.0000000E-4,4.1533717E+17
2520.0000,4.0000000E-4,4.1533970E+17
2525.0000,0.0000000,4.1533970E+17
2530.0000,0.0000000,4.1533970E+17
2535.0000,0.0000000,4.1533970E+17
2540.0000,0.0000000,4.1533970E+17
2545.0000,0.0000000,4.1533970E+17
2550.0000,0.0000000,4.1533970E+17
2555.0000,0.0000000,4.1533970E+17
2560.0000,0.0000000,4.1533970E+17
2565.0000,0.0000000,4.1533970E+17
2570.0000,0.0000000,4.1533970E+17
2575.0000,0.0000000,4.1533970E+17
2580.0000,0.0000000,4.1533970E+17
2585.0000,0.0000000,4.1533970E+17
2590.0000,0.0000000,4.1533970E+17
2595.0000,0.0000000,4.1533970E+17
2600.0000,0.0000000,4.1533970E+17
2605.0000,0.0000000,4.1533970E+17
2610.0000,0.0000000,4.1533970E+17
2615.0000,0.0000000,4.1533970E+17
2620.0000,0.0000000,4.1533970E+17
2625.0000,0.0000000,4.1533970E+17
2630.0000,0.0000000,4.1533970E+17
2635.0000,0.0000000,4.1533970E+17
2640.0000,0.0000000,4.1533970E+17
2645.0000,0.0000000,4.1533970E+17
2650.0000,0.0000000,4.1533970E+17
2655.0000,0.0000000,4.1533970E+17
2660.0000,0.0000000,4.1533970E+17
2665.0000,0.0000000,4.1533970E+17
2670.0000,0.0000000,4.1533970E+17
2675.0000,0.0000000,4.1533970E+17
2680.0000,0.0000000,4.1533970E+17
2685.0000,0.0000000,4.1533970E+17
2690.0000,0.0000000,4.1533970E+17
2695.0000,0.0000000,4.1533970E+17
2700.0000,0.0000000,4.1533970E+17
2705.0000,0.0000000,4.1533970E+17
2710.0000,0.0000000,4.1533970E+17
2715.0000,0.0000000,4.1533970E+17
2720.0000,0.0000000,4.1533970E+17
2725.0000,0.0000000,4.1533970E+17
2730.0000,0.0000000,4.1533970E+17
2735.0000,0.0000000,4.1533970E+17
2740.0000,0.0000000,4.1533970E+17
2745.0000,0.0000000,4.1533970E+17
2750.0000,0.0000000,4.1533970E+17
2755.0000,0.0000000,4.1533970E+17
2760.0000,0.0000000,4.1533970E+17
2765.0000,0.0000000,4.1533970E+17
2770.0000,0.0000000,4.1533970E+17
2775.0000,0.0000000,4.1533970E+17
2780.0000,0.0000000,4.1533970E+17
2785.0000,0.0000000,4.1533970E+17
2790.0000,0.0000000,4.1533970E+17
2795.0000,0.0000000,4.1533970E+17
2800.0000,0.0000000,4.1533970E+17
2805.0000,0.0000000,4.1533970E+17
2810.0000,0.0000000,4.1533970E+17
2815.0000,0.0000000,4.1533970E+17
2820.0000,0.0000000,4.1533970E+17
2825.0000,0.0000000,4.1533970E+17
2830.0000,0.0000000,4.1533970E+17
2835.0000,0.0000000,4.1533970E+17
2840.0000,0.0000000,4.1533970E+17
2845.0000,0.0000000,4.1533970E+17
2850.0000,0.0000000,4.1533970E+17
2855.0000,0.0000000,4.1533970E+17
2860.0000,0.0000000,4.1533970E+17
2865.0000,2.0000000E-4,4.1534114E+17
2870.0000,0.0000000,4.1534114E+17
2875.0000,4.0000000E-4,4.1534404E+17
2880.0000,2.0000000E-4,4.1534548E+17
2885.0000,5.0000000E-4,4.1534911E+17
2890.0000,2.0000000E-4,4.1535057E+17
2895.0000,2.7000000E-3,4.1537023E+17
2900.0000,8.0000000E-4,4.1537607E+17
2905.0000,1.0000000E-4,4.1537680E+17
2910.0000,2.7000000E-3,4.1539656E+17
2915.0000,1.3000000E-3,4.1540609E+17
2920.0000,2.9000000E-3,4.1542739E+17
2925.0000,1.1000000E-3,4.1543549E+17
2930.0000,5.9000000E-3,4.1547897E+17
2935.0000,6.5000000E-3,4.1552696E+17
2940.0000,1.6000000E-3,4.1553880E+17
2945.0000,1.4000000E-3,4.1554917E+17
2950.0000,5.2000000E-3,4.1558775E+17
2955.0000,2.3000000E-3,4.1560485E+17
2960.0000,4.6000000E-3,4.1563910E+17
2965.0000,7.4000000E-3,4.1569430E+17
2970.0000,4.0000000E-4,4.1569728E+17
2975.0000,9.0000000E-4,4.1570402E+17
2980.0000,1.3000000E-3,4.1571376E+17
2985.0000,6.9000000E-3,4.1576557E+17
2990.0000,1.0300000E-2,4.1584304E+17
2995.0000,4.3000000E-3,4.1587544E+17
3000.0000,7.8000000E-3,4.1593430E+17
3005.0000,2.9000000E-3,4.1595622E+17
3010.0000,6.8000000E-3,4.1600771E+17
3015.0000,5.5000000E-3,4.1604943E+17
3020.0000,6.0000000E-4,4.1605398E+17
3025.0000,7.5000000E-3,4.1611105E+17
3030.0000,6.1000000E-3,4.1615755E+17
3035.0000,2.5000000E-3,4.1617663E+17
3040.0000,2.0000000E-3,4.1619193E+17
3045.0000,4.2000000E-3,4.1622410E+17
3050.0000,1.0000000E-3,4.1623177E+17
3055.0000,3.0000000E-4,4.1623408E+17
3060.0000,6.3000000E-3,4.1628257E+17
3065.0000,2.9000000E-3,4.1630493E+17
3070.0000,1.7000000E-3,4.1631806E+17
3075.0000,6.0000000E-3,4.1636447E+17
3080.0000,3.6000000E-3,4.1639236E+17
3085.0000,1.8000000E-3,4.1640633E+17
3090.0000,2.4000000E-3,4.1642498E+17
3095.0000,7.0000000E-4,4.1643043E+17
3100.0000,4.4000000E-3,4.1646475E+17
3105.0000,9.0000000E-4,4.1647178E+17
3110.0000,8.0000000E-4,4.1647803E+17
3115.0000,2.3000000E-3,4.1649606E+17
3120.0000,9.8000000E-3,4.1657297E+17
3125.0000,3.0000000E-3,4.1659655E+17
3130.0000,5.7000000E-3,4.1664143E+17
3135.0000,1.1400000E-2,4.1673133E+17
3140.0000,3.3000000E-3,4.1675740E+17
3145.0000,3.2000000E-3,4.1678272E+17
3150.0000,6.7000000E-3,4.1683581E+17
3155.0000,5.6000000E-3,4.1688025E+17
3160.0000,9.2000000E-3,4.1695338E+17
3165.0000,1.4000000E-2,4.1706484E+17
3170.0000,1.2500000E-2,4.1716452E+17
3175.0000,9.2000000E-3,4.1723800E+17
3180.0000,1.0600000E-2,4.1732279E+17
3185.0000,8.1000000E-3,4.1738769E+17
3190.0000,4.2000000E-3,4.1742139E+17
3195.0000,2.7000000E-3,4.1744309E+17
3200.0000,4.0000000E-4,4.1744631E+17
3205.0000,3.0000000E-4,4.1744873E+17
3210.0000,1.0000000E-4,4.1744953E+17
3215.0000,5.0000000E-4,4.1745358E+17
3220.0000,1.6000000E-3,4.1746654E+17
3225.0000,2.0000000E-4,4.1746816E+17
3230.0000,3.0000000E-4,4.1747060E+17
3235.0000,7.3000000E-3,4.1753000E+17
3240.0000,3.7000000E-3,4.1756016E+17
3245.0000,7.0000000E-4,4.1756587E+17
3250.0000,2.6000000E-3,4.1758713E+17
3255.0000,9.9000000E-3,4.1766819E+17
3260.0000,1.2000000E-3,4.1767803E+17
3265.0000,2.4000000E-3,4.1769774E+17
3270.0000,1.2000000E-3,4.1770761E+17
3275.0000,5.9000000E-3,4.1775622E+17
3280.0000,2.9000000E-3,4.1778015E+17
3285.0000,1.1100000E-2,4.1787187E+17
3290.0000,8.7000000E-3,4.1794387E+17
3295.0000,1.2000000E-3,4.1795382E+17
3300.0000,1.8000000E-3,4.1796876E+17
3305.0000,3.9000000E-3,4.1800118E+17
3310.0000,3.9000000E-3,4.1803366E+17
3315.0000,0.0000000,4.1803366E+17
3320.0000,1.0000000E-4,4.1803449E+17
3325.0000,3.5000000E-3,4.1806376E+17
3330.0000,4.6000000E-3,4.1810230E+17
3335.0000,9.0000000E-3,4.1817780E+17
3340.0000,3.5000000E-3,4.1820721E+17
3345.0000,3.5000000E-3,4.1823666E+17
3350.0000,8.0000000E-3,4.1830407E+17
3355.0000,3.6000000E-3,4.1833445E+17
3360.0000,5.2000000E-3,4.1837840E+17
3365.0000,7.2000000E-3,4.1843935E+17
3370.0000,3.9000000E-3,4.1847241E+17
3375.0000,8.4000000E-3,4.1854373E+17
3380.0000,5.1000000E-3,4.1858709E+17
3385.0000,7.5000000E-3,4.1865095E+17
3390.0000,9.8000000E-3,4.1873452E+17
3395.0000,9.5000000E-3,4.1881565E+17
3400.0000,1.2500000E-2,4.1892256E+17
3405.0000,4.4000000E-3,4.1896025E+17
3410.0000,7.1000000E-3,4.1902115E+17
3415.0000,7.3000000E-3,4.1908386E+17
3420.0000,1.3100000E-2,4.1919656E+17
3425.0000,1.0000000E-2,4.1928272E+17
3430.0000,8.7000000E-3,4.1935778E+17
3435.0000,1.1500000E-2,4.1945715E+17
3440.0000,8.0000000E-3,4.1952638E+17
3445.0000,1.1300000E-2,4.1962430E+17
3450.0000,1.1100000E-2,4.1972063E+17
3455.0000,8.3000000E-3,4.1979277E+17
3460.0000,1.2500000E-2,4.1990156E+17
3465.0000,9.8000000E-3,4.1998698E+17
3470.0000,1.2200000E-2,4.2009347E+17
3475.0000,1.0900000E-2,4.2018876E+17
3480.0000,1.1200000E-2,4.2028680E+17
3485.0000,1.2100000E-2,4.2039287E+17
3490.0000,1.0400000E-2,4.2048418E+17
3495.0000,1.2200000E-2,4.2059144E+17
3500.0000,1.1900000E-2,4.2069621E+17
3505.0000,1.1800000E-2,4.2080025E+17
3510.0000,1.1900000E-2,4.2090532E+17
3515.0000,1.1500000E-2,4.2100700E+17
3520.0000,1.2100000E-2,4.2111414E+17
3525.0000,1.1400000E-2,4.2121522E+17
3530.0000,1.1100000E-2,4.2131379E+17
3535.0000,9.4000000E-3,4.2139738E+17
3540.0000,9.0000000E-3,4.2147752E+17
3545.0000,9.5000000E-3,4.2156224E+17
3550.0000,1.0500000E-2,4.2165600E+17
3555.0000,9.0000000E-3,4.2173649E+17
3560.0000,1.0800000E-2,4.2183320E+17
3565.0000,1.0800000E-2,4.2193005E+17
3570.0000,8.3000000E-3,4.2200459E+17
3575.0000,8.6000000E-3,4.2208193E+17
3580.0000,1.0200000E-2,4.2217379E+17
3585.0000,9.1000000E-3,4.2225585E+17
3590.0000,9.4000000E-3,4.2234074E+17
3595.0000,9.6000000E-3,4.2242755E+17
3600.0000,1.0200000E-2,4.2251992E+17
3605.0000,1.0300000E-2,4.2261333E+17
3610.0000,9.5000000E-3,4.2269960E+17
3615.0000,9.4000000E-3,4.2278508E+17
3620.0000,1.1600000E-2,4.2289071E+17
3625.0000,1.0200000E-2,4.2298372E+17
3630.0000,9.9000000E-3,4.2307412E+17
3635.0000,1.0300000E-2,4.2316830E+17
3640.0000,1.1400000E-2,4.2327268E+17
3645.0000,1.0600000E-2,4.2336987E+17
3650.0000,1.0100000E-2,4.2346261E+17
3655.0000,1.0900000E-2,4.2356282E+17
3660.0000,1.0900000E-2,4.2366318E+17
3665.0000,1.0200000E-2,4.2375721E+17
3670.0000,7.9000000E-3,4.2383015E+17
3675.0000,4.8000000E-3,4.2387452E+17
3680.0000,8.3000000E-3,4.2395135E+17
3685.0000,9.4000000E-3,4.2403849E+17
3690.0000,9.7000000E-3,4.2412853E+17
3695.0000,1.0100000E-2,4.2422240E+17
3700.0000,1.0800000E-2,4.2432292E+17
3705.0000,1.0700000E-2,4.2442265E+17
3710.0000,9.3000000E-3,4.2450944E+17
3715.0000,9.2000000E-3,4.2459541E+17
3720.0000,1.0300000E-2,4.2469180E+17
3725.0000,1.0700000E-2,4.2479206E+17
3730.0000,9.2000000E-3,4.2487838E+17
3735.0000,8.6000000E-3,4.2495918E+17
3740.0000,8.8000000E-3,4.2504197E+17
3745.0000,1.0300000E-2,4.2513900E+17
3750.0000,9.3000000E-3,4.2522673E+17
3755.0000,9.0000000E-3,4.2531174E+17
3760.0000,8.8000000E-3,4.2539498E+17
3765.0000,8.5000000E-3,4.2547548E+17
3770.0000,9.1000000E-3,4.2556178E+17
3775.0000,9.0000000E-3,4.2564724E+17
3780.0000,9.5000000E-3,4.2573757E+17
3785.0000,8.8000000E-3,4.2582136E+17
3790.0000,7.7000000E-3,4.2589477E+17
3795.0000,8.8000000E-3,4.2597878E+17
3800.0000,9.8000000E-3,4.2607245E+17
3805.0000,9.3000000E-3,4.2616147E+17
3810.0000,8.2000000E-3,4.2624006E+17
3815.0000,7.7000000E-3,4.2631395E+17
3820.0000,9.6000000E-3,4.2640620E+17
3825.0000,9.5000000E-3,4.2649761E+17
3830.0000,9.6000000E-3,4.2659010E+17
3835.0000,7.7000000E-3,4.2666438E+17
3840.0000,8.9000000E-3,4.2675035E+17
3845.0000,8.8000000E-3,4.2683546E+17
3850.0000,8.8000000E-3,4.2692069E+17
3855.0000,8.5000000E-3,4.2700312E+17
3860.0000,8.0000000E-3,4.2708080E+17
3865.0000,8.1000000E-3,4.2715955E+17
3870.0000,7.3000000E-3,4.2723061E+17
3875.0000,6.7000000E-3,4.2729592E+17
3880.0000,6.5000000E-3,4.2735936E+17
3885.0000,6.8000000E-3,4.2742582E+17
3890.0000,6.9000000E-3,4.2749334E+17
3895.0000,7.5000000E-3,4.2756682E+17
3900.0000,7.9000000E-3,4.2764432E+17
3905.0000,7.9000000E-3,4.2772192E+17
3910.0000,7.1000000E-3,4.2779176E+17
3915.0000,7.0000000E-3,4.2786069E+17
3920.0000,6.9000000E-3,4.2792873E+17
3925.0000,6.8000000E-3,4.2799587E+17
3930.0000,7.0000000E-3,4.2806507E+17
3935.0000,7.3000000E-3,4.2813733E+17
3940.0000,7.4000000E-3,4.2821067E+17
3945.0000,7.5000000E-3,4.2828510E+17
3950.0000,7.6000000E-3,4.2836062E+17
3955.0000,7.7000000E-3,4.2843722E+17
3960.0000,7.7000000E-3,4.2851393E+17
3965.0000,7.8000000E-3,4.2859172E+17
3970.0000,7.7000000E-3,4.2866862E+17
3975.0000,7.5000000E-3,4.2874361E+17
3980.0000,7.4000000E-3,4.2881770E+17
3985.0000,7.4000000E-3,4.2889188E+17
3990.0000,7.4000000E-3,4.2896615E+17
3995.0000,7.2000000E-3,4.2903851E+17
4000.0000,7.1000000E-3,4.2907423E+17