251.00000,9.0297950E-3,5.7013337E+11
252.00000,7.4954660E-3,1.5204187E+12
253.00000,8.1793880E-3,2.5615276E+12
254.00000,2.0726338E-2,5.2100957E+12
255.00000,1.2858795E-2,6.8597589E+12
256.00000,3.3094191E-2,1.1122084E+13
257.00000,0.13273741,2.8284614E+13
258.00000,1.7381250E-3,2.8510222E+13
259.00000,3.7394220E-2,3.3382803E+13
260.00000,4.0461200E-3,3.3912061E+13
261.00000,1.5244930E-2,3.5913861E+13
262.00000,1.9103139E-2,3.8431891E+13
263.00000,5.7293501E-2,4.6012707E+13
264.00000,3.2109882E-2,5.0277495E+13
265.00000,2.2257922E-2,5.3244958E+13
266.00000,9.0903484E-2,6.5410096E+13
267.00000,7.9462170E-3,6.6477494E+13
268.00000,5.9693560E-3,6.7282348E+13
269.00000,9.5085700E-3,6.8569181E+13
270.00000,1.4705841E-2,7.0566781E+13
271.00000,3.9931829E-2,7.6011097E+13
272.00000,9.6652550E-3,7.7333723E+13
273.00000,5.2847880E-3,7.8059570E+13
274.00000,1.1741590E-2,7.9678143E+13
275.00000,1.0957648E-2,8.1194163E+13
276.00000,1.3236627E-2,8.3032145E+13
277.00000,0.10213516,9.7265586E+13
278.00000,2.2343635E-2,1.0039061E+14
279.00000,5.4539030E-2,1.0804599E+14
280.00000,1.8265234E-2,1.1061898E+14
281.00000,5.9165930E-2,1.1898334E+14
282.00000,3.7524275E-2,1.2430707E+14
283.00000,3.5028175E-2,1.2929429E+14
284.00000,6.0993173E-2,1.3800903E+14
285.00000,4.2122853E-2,1.4404876E+14
286.00000,3.2894438E-2,1.4878184E+14
287.00000,0.11578190,1.6549957E+14
288.00000,3.5608582E-2,1.7065901E+14
289.00000,1.7974184E-2,1.7327238E+14
290.00000,3.4250022E-2,1.7826943E+14
291.00000,2.6725449E-2,1.8218210E+14
292.00000,4.9609015E-2,1.8946993E+14
293.00000,1.1742723E-2,1.9120091E+14
294.00000,4.2177380E-2,1.9743943E+14
295.00000,4.4853721E-2,2.0409638E+14
296.00000,5.2281567E-2,2.1188203E+14
297.00000,9.0595776E-2,2.2541894E+14
298.00000,3.4092029E-2,2.3053015E+14
299.00000,2.3944453E-2,2.3413204E+14
300.00000,4.0867559E-2,2.4030019E+14
301.00000,3.5951068,7.8471902E+14
302.00000,4.2571116E-2,7.9118712E+14
303.00000,0.14494110,8.1328187E+14
304.00000,4.0221935E-2,8.1943352E+14
305.00000,3.7945810E-2,8.2525614E+14
306.00000,4.5305408E-2,8.3223085E+14
307.00000,3.8346624E-2,8.3815356E+14
308.00000,4.4930554E-2,8.4511577E+14
309.00000,3.9591609E-2,8.5127061E+14
310.00000,6.2836288E-2,8.6107063E+14
311.00000,6.2333299E-2,8.7082357E+14
312.00000,7.8295708E-2,8.8311344E+14
313.00000,0.15683229,9.0780990E+14
314.00000,7.1703738E-2,9.1913719E+14
315.00000,3.2299468E-2,9.2425591E+14
316.00000,3.4090724E-2,9.2967564E+14
317.00000,5.6164048E-2,9.3863285E+14
318.00000,5.0456923E-2,9.4670525E+14
319.00000,3.2086778E-2,9.5185483E+14
320.00000,5.9625191E-2,9.6145402E+14
321.00000,4.8542087E-2,9.6929334E+14
322.00000,4.6795852E-2,9.7687419E+14
323.00000,5.5695735E-2,9.8592483E+14
324.00000,4.0141073E-2,9.9246801E+14
325.00000,3.4899608E-2,9.9817436E+14
326.00000,5.1477686E-2,1.0066173E+15
327.00000,3.4993393E-2,1.0123742E+15
328.00000,4.8696897E-2,1.0204100E+15
329.00000,4.6146159E-2,1.0280481E+15
330.00000,6.8768364E-2,1.0394652E+15
331.00000,4.6736785E-2,1.0472481E+15
332.00000,3.6944113E-2,1.0534189E+15
333.00000,2.7069055E-2,1.0579538E+15
334.00000,5.7568597E-2,1.0676274E+15
335.00000,2.8020131E-2,1.0723499E+15
336.00000,4.3837213E-2,1.0797602E+15
337.00000,4.1048798E-2,1.0867198E+15
338.00000,4.6551467E-2,1.0946358E+15
339.00000,4.2045354E-2,1.1018067E+15
340.00000,4.5559535E-2,1.1095998E+15
341.00000,3.1835872E-2,1.1150615E+15
342.00000,3.8570751E-2,1.1216980E+15
343.00000,3.8540159E-2,1.1283486E+15
344.00000,2.3596326E-2,1.1324324E+15
345.00000,3.9306408E-2,1.1392548E+15
346.00000,4.4941209E-2,1.1470778E+15
347.00000,2.8272092E-2,1.1520134E+15
348.00000,4.5868590E-2,1.1600441E+15
349.00000,2.9108157E-2,1.1651549E+15
350.00000,3.0045591E-2,1.1704455E+15
351.00000,3.4447513E-2,1.1765286E+15
352.00000,3.7813962E-2,1.1832251E+15
353.00000,2.3984839E-2,1.1874847E+15
354.00000,3.1234174E-2,1.1930474E+15
355.00000,2.7691475E-2,1.1979931E+15
356.00000,3.1450689E-2,1.2036261E+15
357.00000,3.1073698E-2,1.2092071E+15
358.00000,2.9840279E-2,1.2145816E+15
359.00000,2.9929548E-2,1.2199873E+15
360.00000,3.0024978E-2,1.2254253E+15
361.00000,3.0038160E-2,1.2308808E+15
362.00000,3.1018878E-2,1.2365301E+15
363.00000,3.0161239E-2,1.2420383E+15
364.00000,3.5489445E-2,1.2485374E+15
365.00000,3.2655281E-2,1.2545340E+15
366.00000,3.0573978E-2,1.2601637E+15
367.00000,2.9952716E-2,1.2656941E+15
368.00000,3.1639047E-2,1.2715518E+15
369.00000,3.1235648E-2,1.2773505E+15
370.00000,3.4016405E-2,1.2836826E+15
371.00000,3.8556590E-2,1.2908792E+15
372.00000,3.4316260E-2,1.2973016E+15
373.00000,4.2203791E-2,1.3052214E+15
374.00000,4.8675055E-2,1.3143801E+15
375.00000,5.3369722E-2,1.3244489E+15
376.00000,6.5527592E-2,1.3368445E+15
377.00000,8.0103963E-2,1.3520377E+15
378.00000,8.6373239E-2,1.3684635E+15
379.00000,0.10704113,1.3888736E+15
380.00000,0.13496547,1.4146761E+15
381.00000,0.15911845,1.4451761E+15
382.00000,0.18463125,1.4806593E+15
383.00000,0.21085936,1.5212893E+15
384.00000,0.24272524,1.5681816E+15
385.00000,0.26858636,1.6202051E+15
386.00000,0.31831723,1.6820213E+15
387.00000,0.35279846,1.7507111E+15
388.00000,0.38694253,1.8262434E+15
389.00000,0.42224218,1.9088788E+15
390.00000,0.45805922,1.9987543E+15
391.00000,0.49585699,2.0962955E+15
392.00000,0.52579702,2.1999908E+15
393.00000,0.56513699,2.3117288E+15
394.00000,0.59537233,2.4297445E+15
395.00000,0.63590234,2.5561140E+15
396.00000,0.67650673,2.6908930E+15
397.00000,0.67865026,2.8264405E+15
398.00000,0.71436274,2.9694802E+15
399.00000,0.73313980,3.1166486E+15
400.00000,0.68775660,3.2550529E+15
401.00000,0.71076907,3.3984458E+15
402.00000,0.70829624,3.5416962E+15
403.00000,0.72452120,3.6885926E+15
404.00000,0.72816490,3.8365940E+15
405.00000,0.73476532,3.9863067E+15
406.00000,0.75793634,4.1411219E+15
407.00000,0.76258615,4.2972705E+15
408.00000,0.78108484,4.4575999E+15
409.00000,0.78166463,4.6184416E+15
410.00000,0.80003276,4.7834654E+15
411.00000,0.77837778,4.9444139E+15
412.00000,0.80130492,5.1105064E+15
413.00000,0.81663086,5.2801864E+15
414.00000,0.81205203,5.4493235E+15
415.00000,0.80535655,5.6174713E+15
416.00000,0.81840093,5.7887543E+15
417.00000,0.79409323,5.9553495E+15
418.00000,0.84352488,6.1327394E+15
419.00000,0.86700777,6.3155039E+15
420.00000,0.86199239,6.4976449E+15
421.00000,0.86493498,6.6808427E+15
422.00000,0.83785480,6.8587264E+15
423.00000,0.85122115,7.0398761E+15
424.00000,0.84029858,7.2191241E+15
425.00000,0.85322841,7.4015595E+15
426.00000,0.82857259,7.5791399E+15
427.00000,0.83927908,7.7594371E+15
428.00000,0.83840580,7.9399686E+15
429.00000,0.83665554,8.1205441E+15
430.00000,0.84500514,8.3033468E+15
431.00000,0.84384684,8.4863235E+15
432.00000,0.84823145,8.6706777E+15
433.00000,0.85775643,8.8575335E+15
434.00000,0.85496768,9.0442120E+15
435.00000,0.85122941,9.2305025E+15
436.00000,0.86198585,9.4195807E+15
437.00000,0.88446808,9.6140354E+15
438.00000,0.91932622,9.8166164E+15
439.00000,0.91012096,1.0017627E+16
440.00000,0.89188119,1.0215057E+16
441.00000,0.89714775,1.0414105E+16
442.00000,0.89631804,1.0613420E+16
443.00000,0.88679023,1.0811062E+16
444.00000,0.89165058,1.1010236E+16
445.00000,0.88505773,1.1208382E+16
446.00000,0.88996022,1.1408074E+16
447.00000,0.89438918,1.1609210E+16
448.00000,0.91099408,1.1814538E+16
449.00000,0.97043174,1.2033751E+16
450.00000,1.0757851,1.2277304E+16
451.00000,1.0085248,1.2506136E+16
452.00000,0.99314944,1.2731980E+16
453.00000,0.98111847,1.2955581E+16
454.00000,0.95001449,1.3172572E+16
455.00000,0.96169237,1.3392714E+16
456.00000,0.98551599,1.3618805E+16
457.00000,1.0349211,1.3856751E+16
458.00000,1.0616213,1.4101369E+16
459.00000,1.0476141,1.4343288E+16
460.00000,1.0436685,1.4584820E+16
461.00000,1.0923076,1.4838158E+16
462.00000,1.1600956,1.5107802E+16
463.00000,1.1847158,1.5383765E+16
464.00000,1.1175926,1.5644654E+16
465.00000,1.0881998,1.5899229E+16
466.00000,1.2134671,1.6183721E+16
467.00000,1.4315538,1.6520061E+16
468.00000,1.4627539,1.6864468E+16
469.00000,1.2543487,1.7160437E+16
470.00000,1.1499474,1.7432351E+16
471.00000,1.0685287,1.7685549E+16
472.00000,1.0901630,1.7944423E+16
473.00000,1.1918254,1.8228038E+16
474.00000,1.1825272,1.8510035E+16
475.00000,0.99760646,1.8748436E+16
476.00000,0.97247062,1.8981319E+16
477.00000,0.96761253,1.9213526E+16
478.00000,0.96830577,1.9446386E+16
479.00000,1.0092017,1.9689589E+16
480.00000,1.0653585,1.9946860E+16
481.00000,1.1476967,2.0224593E+16
482.00000,1.1217980,2.0496623E+16
483.00000,1.1365438,2.0772800E+16
484.00000,1.1689811,2.1057448E+16
485.00000,1.0971752,2.1325163E+16
486.00000,0.99623132,2.1568748E+16
487.00000,0.98149941,2.1809225E+16
488.00000,0.99853271,2.2054378E+16
489.00000,0.99111135,2.2298208E+16
490.00000,0.99390075,2.2543223E+16
491.00000,1.0707526,2.2807723E+16
492.00000,1.1645824,2.3095987E+16
493.00000,1.1055581,2.3370197E+16
494.00000,1.0064078,2.3620321E+16
495.00000,0.96634303,2.3860974E+16
496.00000,0.95647380,2.4099651E+16
497.00000,0.95348055,2.4338060E+16
498.00000,0.94599637,2.4575074E+16
499.00000,0.94450790,2.4812190E+16
500.00000,0.94524305,2.5049966E+16
501.00000,0.94861583,2.5289068E+16
502.00000,0.95153791,2.5529385E+16
503.00000,0.96209330,2.5772852E+16
504.00000,0.95785914,2.6015729E+16
505.00000,0.94899019,2.6256835E+16
506.00000,0.94512188,2.6497434E+16
507.00000,0.94816389,2.6739284E+16
508.00000,0.94745347,2.6981430E+16
509.00000,0.95266543,2.7225386E+16
510.00000,0.94746617,2.7468489E+16
511.00000,0.95400862,2.7713749E+16
512.00000,0.95653329,2.7960140E+16
513.00000,0.95930433,2.8207728E+16
514.00000,0.95185789,2.8453872E+16
515.00000,0.94764735,2.8699405E+16
516.00000,0.95131808,2.8946367E+16
517.00000,0.95277535,2.9194186E+16
518.00000,0.95591164,2.9443303E+16
519.00000,0.96103100,2.9694237E+16
520.00000,0.95080615,2.9942980E+16
521.00000,0.94915692,3.0191768E+16
522.00000,0.94803750,3.0440740E+16
523.00000,0.94784505,3.0690139E+16
524.00000,0.94542685,3.0939377E+16
525.00000,0.94763282,3.1189673E+16
526.00000,0.95361696,3.1442030E+16
527.00000,0.95923991,3.1696357E+16
528.00000,0.98357372,3.1957630E+16
529.00000,1.0372238,3.2233677E+16
530.00000,0.98667619,3.2496768E+16
531.00000,0.95340242,3.2751466E+16
532.00000,0.95757740,3.3007761E+16
533.00000,0.96351841,3.3266131E+16
534.00000,0.98728461,3.3531371E+16
535.00000,0.95249354,3.3787743E+16
536.00000,0.94680566,3.4043060E+16
537.00000,0.95676335,3.4301544E+16
538.00000,0.94469937,3.4557244E+16
539.00000,0.93917716,3.4811922E+16
540.00000,0.94990024,3.5069986E+16
541.00000,0.97265592,3.5334721E+16
542.00000,1.0046387,3.5608666E+16
543.00000,0.95999502,3.5870921E+16
544.00000,0.95529316,3.6132372E+16
545.00000,0.95022803,3.6392915E+16
546.00000,0.95326655,3.6654770E+16
547.00000,0.95241972,3.6916873E+16
548.00000,0.94319336,3.7176910E+16
549.00000,0.93509959,3.7435187E+16
550.00000,0.93792741,3.7694716E+16
551.00000,0.93721644,3.7954521E+16
552.00000,0.93710553,3.8214766E+16
553.00000,0.94581957,3.8477906E+16
554.00000,0.93971342,3.8739821E+16
555.00000,0.93275506,3.9000266E+16
556.00000,0.93327075,3.9261324E+16
557.00000,0.92949822,3.9521795E+16
558.00000,0.92741487,3.9782148E+16
559.00000,0.92739240,4.0042961E+16
560.00000,0.92745684,4.0304260E+16
561.00000,0.92800069,4.0566178E+16
562.00000,0.92729088,4.0828363E+16
563.00000,0.92291921,4.1089776E+16
564.00000,0.92008256,4.1350848E+16
565.00000,0.92615041,4.1614108E+16
566.00000,0.92993945,4.1878913E+16
567.00000,0.92931247,4.2144007E+16
568.00000,0.92932609,4.2409572E+16
569.00000,0.93008825,4.2675823E+16
570.00000,0.93166605,4.2942994E+16
571.00000,0.92910587,4.3209899E+16
572.00000,0.93422436,4.3478744E+16
573.00000,0.92696280,4.3745966E+16
574.00000,0.92532970,4.4013182E+16
575.00000,0.92458331,4.4280648E+16
576.00000,0.92825350,4.4549643E+16
577.00000,0.92431065,4.4817960E+16
578.00000,0.92942297,4.5088229E+16
579.00000,0.92589889,4.5357939E+16
580.00000,0.92583721,4.5628097E+16
581.00000,0.92839951,4.5899469E+16
582.00000,0.93139338,4.6172186E+16
583.00000,0.93334131,4.6445942E+16
584.00000,0.93382827,4.6720311E+16
585.00000,0.93775040,4.6996304E+16
586.00000,0.93783769,4.7272794E+16
587.00000,0.93093403,4.7547718E+16
588.00000,0.93276480,4.7823651E+16
589.00000,0.92714769,4.8098389E+16
590.00000,0.92620270,4.8373313E+16
591.00000,0.91467265,4.8645275E+16
592.00000,0.91316406,4.8917248E+16
593.00000,0.90960204,4.9188617E+16
594.00000,0.90272852,4.9458390E+16
595.00000,0.89804986,4.9727217E+16
596.00000,0.89663176,4.9996070E+16
597.00000,0.89780556,5.0265727E+16
598.00000,0.89728614,5.0535679E+16
599.00000,0.87960758,5.0800755E+16
600.00000,0.87490918,5.1064856E+16
601.00000,0.87421744,5.1329187E+16
602.00000,0.87520425,5.1594257E+16
603.00000,0.87870589,5.1860830E+16
604.00000,0.88573962,5.2129982E+16
605.00000,0.88909034,5.2400600E+16
606.00000,0.87923029,5.2668659E+16
607.00000,0.87564955,5.2936066E+16
608.00000,0.87874971,5.3204863E+16
609.00000,0.88853974,5.3477101E+16
610.00000,0.89875182,5.3752920E+16
611.00000,0.88962430,5.4026386E+16
612.00000,0.89789061,5.4302844E+16
613.00000,0.90235564,5.4581131E+16
614.00000,0.90515914,5.4860738E+16
615.00000,0.91269634,5.5143133E+16
616.00000,0.91598578,5.5427006E+16
617.00000,0.92129086,5.5712987E+16
618.00000,0.92474289,5.6000504E+16
619.00000,0.93249871,5.6290902E+16
620.00000,0.92704735,5.6580069E+16
621.00000,0.92418784,5.6868809E+16
622.00000,0.91901301,5.7156394E+16
623.00000,0.90755023,5.7440849E+16
624.00000,0.90557584,5.7725141E+16
625.00000,0.89552719,5.8006729E+16
626.00000,0.89313250,5.8288013E+16
627.00000,0.89373133,5.8569935E+16
628.00000,0.88888488,5.8850776E+16
629.00000,0.88392722,5.9130495E+16
630.00000,0.88746277,5.9411779E+16
631.00000,0.87972696,5.9691054E+16
632.00000,0.87685908,5.9969860E+16
633.00000,0.86814920,6.0246333E+16
634.00000,0.86482785,6.0522183E+16
635.00000,0.85434647,6.0795121E+16
636.00000,0.84806732,6.1066478E+16
637.00000,0.83811654,6.1335074E+16
638.00000,0.83300372,6.1602450E+16
639.00000,0.83169300,6.1869824E+16
640.00000,0.82366379,6.2135030E+16
641.00000,0.82464577,6.2400968E+16
642.00000,0.82541352,6.2667569E+16
643.00000,0.83143384,6.2936533E+16
644.00000,0.83591043,6.3207365E+16
645.00000,0.85096552,6.3483503E+16
646.00000,0.86830442,6.3765705E+16
647.00000,0.89355597,6.4056563E+16
648.00000,0.89672881,6.4348905E+16
649.00000,0.88847469,6.4639003E+16
650.00000,0.86575522,6.4922118E+16
651.00000,0.84512546,6.5198912E+16
652.00000,0.82847214,6.5470669E+16
653.00000,0.81321002,6.5737828E+16
654.00000,0.80925100,6.6004094E+16
655.00000,0.80748160,6.6270185E+16
656.00000,0.80472923,6.6535773E+16
657.00000,0.80630900,6.6802288E+16
658.00000,0.80369133,6.7068342E+16
659.00000,0.80892833,6.7336537E+16
660.00000,0.82023389,6.7608892E+16
661.00000,0.81451275,6.7879758E+16
662.00000,0.81988334,6.8152822E+16
663.00000,0.82483023,6.8427949E+16
664.00000,0.83400174,6.8706555E+16
665.00000,0.83697053,6.8986573E+16
666.00000,0.84750217,6.9270542E+16
667.00000,0.84996329,6.9555762E+16
668.00000,0.84579268,6.9840009E+16
669.00000,0.84515247,7.0124465E+16
670.00000,0.84593140,7.0409610E+16
671.00000,0.84602729,7.0695212E+16
672.00000,0.84712449,7.0981611E+16
673.00000,0.85717012,7.1271837E+16
674.00000,0.86053105,7.1563635E+16
675.00000,0.85497930,7.1853980E+16
676.00000,0.85037933,7.2143190E+16
677.00000,0.84144094,7.2429784E+16
678.00000,0.83220180,7.2713650E+16
679.00000,0.83640471,7.2999370E+16
680.00000,0.84707272,7.3289161E+16
681.00000,0.87971276,7.3590561E+16
682.00000,0.96258298,7.3920837E+16
683.00000,1.0504931,7.4281805E+16
684.00000,0.98231017,7.4619839E+16
685.00000,0.94766317,7.4946426E+16
686.00000,0.96250768,7.5278613E+16
687.00000,0.99063133,7.5621005E+16
688.00000,1.0176712,7.5973255E+16
689.00000,1.0028645,7.6320884E+16
690.00000,0.95460883,7.6652267E+16
691.00000,0.90029484,7.6965248E+16
692.00000,0.84936800,7.7260951E+16
693.00000,0.81603925,7.7545462E+16
694.00000,0.79582926,7.7823328E+16
695.00000,0.78224788,7.8096844E+16
696.00000,0.76992555,7.8366440E+16
697.00000,0.77505104,7.8638220E+16
698.00000,0.77974048,7.8912037E+16
699.00000,0.79244076,7.9190713E+16
700.00000,0.76215231,7.9459120E+16
701.00000,0.74476367,7.9721779E+16
702.00000,0.73778054,7.9982345E+16
703.00000,0.72940205,8.0240320E+16
704.00000,0.73134654,8.0499351E+16
705.00000,0.73600742,8.0760402E+16
706.00000,0.75702997,8.1029291E+16
707.00000,0.78804215,8.1309591E+16
708.00000,0.82411515,8.1603137E+16
709.00000,0.86845241,8.1912913E+16
710.00000,0.92467877,8.2243209E+16
711.00000,0.96786463,8.2589419E+16
712.00000,0.98331911,8.2941651E+16
713.00000,0.95326353,8.3283597E+16
714.00000,0.90954454,8.3610318E+16
715.00000,0.87100443,8.3923633E+16
716.00000,0.83050222,8.4222797E+16
717.00000,0.79699066,8.4510290E+16
718.00000,0.77170481,8.4789050E+16
719.00000,0.75691981,8.5062850E+16
720.00000,0.73964482,8.5330773E+16
721.00000,0.72422181,8.5593474E+16
722.00000,0.71423856,8.5852913E+16
723.00000,0.72033181,8.6114928E+16
724.00000,0.72711373,8.6379775E+16
725.00000,0.74393494,8.6651124E+16
726.00000,0.77165111,8.6932970E+16
727.00000,0.80679371,8.7228058E+16
728.00000,0.85407958,8.7540871E+16
729.00000,0.86138316,8.7856793E+16
730.00000,0.83695369,8.8164175E+16
731.00000,0.89261583,8.8492449E+16
732.00000,0.98555084,8.8855398E+16
733.00000,0.96899149,8.9212735E+16
734.00000,0.91195264,8.9549497E+16
735.00000,0.81092731,8.9849361E+16
736.00000,0.77898666,9.0137806E+16
737.00000,0.78530497,9.0428985E+16
738.00000,0.81210442,9.0730510E+16
739.00000,0.87182428,9.1054647E+16
740.00000,0.89977920,9.1389630E+16
741.00000,0.87804532,9.1716963E+16
742.00000,0.83527559,9.2028772E+16
743.00000,0.79494298,9.2325925E+16
744.00000,0.76404805,9.2611913E+16
745.00000,0.74090196,9.2889610E+16
746.00000,0.73146245,9.3164138E+16
747.00000,0.72946461,9.3438282E+16
748.00000,0.73740848,9.3715783E+16
749.00000,0.78776507,9.4012631E+16
750.00000,0.80758068,9.4317352E+16
751.00000,0.78437905,9.4613712E+16
752.00000,0.77392190,9.4906512E+16
753.00000,0.77368823,9.5199612E+16
754.00000,0.76648077,9.5490367E+16
755.00000,0.75300825,9.5776390E+16
756.00000,0.74537282,9.6059888E+16
757.00000,0.75347299,9.6346846E+16
758.00000,0.76712849,9.6639391E+16
759.00000,0.79488143,9.6942919E+16
760.00000,0.82680419,9.7259053E+16
761.00000,0.85256866,9.7585467E+16
762.00000,0.87835159,9.7922194E+16
763.00000,1.0437400,9.8322850E+16
764.00000,1.9318090,9.9065378E+16
765.00000,1.6293641,9.9692474E+16
766.00000,0.95808258,1.0006170E+17
767.00000,0.79352743,1.0036790E+17
768.00000,0.72640050,1.0064857E+17
769.00000,0.68720866,1.0091444E+17
770.00000,0.64881669,1.0116578E+17
771.00000,0.63019911,1.0141023E+17
772.00000,0.61292644,1.0164829E+17
773.00000,0.59512358,1.0187973E+17
774.00000,0.58081296,1.0210590E+17
775.00000,0.56030435,1.0232436E+17
776.00000,0.54899934,1.0253869E+17
777.00000,0.54675862,1.0275243E+17
778.00000,0.54734089,1.0296666E+17
779.00000,0.54033642,1.0317843E+17
780.00000,0.54865178,1.0339373E+17
781.00000,0.57421284,1.0361935E+17
782.00000,0.58546275,1.0384969E+17
783.00000,0.56578270,1.0407256E+17
784.00000,0.55654248,1.0429208E+17
785.00000,0.54391081,1.0450689E+17
786.00000,0.54420871,1.0472209E+17
787.00000,0.56244187,1.0494478E+17
788.00000,0.64904199,1.0520209E+17
789.00000,0.88095006,1.0555178E+17
790.00000,0.86186020,1.0589433E+17
791.00000,0.69468123,1.0617078E+17
792.00000,0.61415999,1.0641549E+17
793.00000,0.57765348,1.0664595E+17
794.00000,0.58376977,1.0687915E+17
795.00000,0.61497866,1.0712512E+17
796.00000,0.69057035,1.0740167E+17
797.00000,0.80310154,1.0772369E+17
798.00000,0.76986106,1.0803277E+17
799.00000,0.70691734,1.0831693E+17
800.00000,0.66720524,1.0858547E+17
801.00000,0.63003742,1.0883937E+17
802.00000,0.59582724,1.0907977E+17
803.00000,0.59037140,1.0931828E+17
804.00000,0.58523029,1.0955500E+17
805.00000,0.60680578,1.0980075E+17
806.00000,0.65059024,1.1006457E+17
807.00000,0.70420300,1.1035047E+17
808.00000,0.70307233,1.1063628E+17
809.00000,0.68395980,1.1091465E+17
810.00000,0.65618768,1.1118206E+17
811.00000,0.62752918,1.1143810E+17
812.00000,0.62302352,1.1169262E+17
813.00000,0.60864117,1.1194156E+17
814.00000,0.60934481,1.1219110E+17
815.00000,0.61849168,1.1244470E+17
816.00000,0.64365384,1.1270894E+17
817.00000,0.70889842,1.1300032E+17
818.00000,0.75692024,1.1331182E+17
819.00000,0.84197351,1.1365875E+17
820.00000,1.1098157,1.1411659E+17
821.00000,1.7264321,1.1482969E+17
822.00000,2.6571858,1.1592857E+17
823.00000,6.4399955,1.1859506E+17
824.00000,5.5073092,1.2087814E+17
825.00000,2.5954803,1.2195541E+17
826.00000,1.9263570,1.2275593E+17
827.00000,2.3622368,1.2373878E+17
828.00000,4.5872045,1.2564965E+17
829.00000,2.3690109,1.2663770E+17
830.00000,1.0536228,1.2707766E+17
831.00000,0.80639751,1.2741480E+17
832.00000,0.82327472,1.2775941E+17
833.00000,1.0994850,1.2822018E+17
834.00000,2.3801714,1.2921887E+17
835.00000,3.5793501,1.3072251E+17
836.00000,1.6111078,1.3140013E+17
837.00000,0.92503291,1.3178966E+17
838.00000,0.69711386,1.3208356E+17
839.00000,0.60156511,1.3233748E+17
840.00000,0.71510493,1.3263969E+17
841.00000,1.6535385,1.3333931E+17
842.00000,0.84565205,1.3369754E+17
843.00000,0.54916677,1.3393045E+17
844.00000,0.45855209,1.3412516E+17
845.00000,0.41811440,1.3430291E+17
846.00000,0.38950720,1.3446869E+17
847.00000,0.37797870,1.3462976E+17
848.00000,0.36509875,1.3478552E+17
849.00000,0.36859483,1.3494296E+17
850.00000,0.35272442,1.3509380E+17
851.00000,0.37394819,1.3525390E+17
852.00000,0.37196033,1.3541334E+17
853.00000,0.39102249,1.3558114E+17
854.00000,0.40681374,1.3575593E+17
855.00000,0.40859626,1.3593169E+17
856.00000,0.41687448,1.3611121E+17
857.00000,0.42921492,1.3629627E+17
858.00000,0.46622184,1.3649752E+17
859.00000,0.46803440,1.3669979E+17
860.00000,0.46727699,1.3690197E+17
861.00000,0.45102696,1.3709734E+17
862.00000,0.46818657,1.3730038E+17
863.00000,0.50086767,1.3751784E+17
864.00000,0.54746940,1.3775581E+17
865.00000,0.61525322,1.3802356E+17
866.00000,0.62101708,1.3829413E+17
867.00000,0.62329965,1.3856601E+17
868.00000,0.63939903,1.3884523E+17
869.00000,0.66735193,1.3913699E+17
870.00000,0.70004512,1.3944340E+17
871.00000,0.75280202,1.3977327E+17
872.00000,0.79110045,1.4012033E+17
873.00000,0.83277817,1.4048610E+17
874.00000,0.89760027,1.4088078E+17
875.00000,0.92431428,1.4128767E+17
876.00000,0.97152598,1.4171584E+17
877.00000,0.97931403,1.4214793E+17
878.00000,1.0796001,1.4262482E+17
879.00000,1.3408021,1.4321775E+17
880.00000,2.0026117,1.4410437E+17
881.00000,3.8750343,1.4582191E+17
882.00000,6.5379953,1.4872304E+17
883.00000,5.5639408,1.5119475E+17
884.00000,3.3117783,1.5266764E+17
885.00000,2.1846370,1.5364033E+17
886.00000,1.8415067,1.5446118E+17
887.00000,1.6470781,1.5519619E+17
888.00000,1.4338990,1.5583679E+17
889.00000,1.2778005,1.5640829E+17
890.00000,1.2410026,1.5696396E+17
891.00000,1.3011734,1.5754723E+17
892.00000,1.3122514,1.5813612E+17
893.00000,1.5093296,1.5881422E+17
894.00000,1.9593643,1.5969549E+17
895.00000,3.7137346,1.6136769E+17
896.00000,3.8272829,1.6309294E+17
897.00000,2.1837120,1.6407841E+17
898.00000,1.6205162,1.6481054E+17
899.00000,1.4077755,1.6544725E+17
900.00000,1.1753369,1.6597944E+17
901.00000,1.0524017,1.6645648E+17
902.00000,1.0524600,1.6693409E+17
903.00000,1.3569490,1.6755055E+17
904.00000,2.7072147,1.6878180E+17
905.00000,4.3522165,1.7076339E+17
906.00000,2.2207246,1.7177561E+17
907.00000,1.1980825,1.7232231E+17
908.00000,0.90336660,1.7273499E+17
909.00000,0.81085654,1.7310581E+17
910.00000,0.79911932,1.7347166E+17
911.00000,0.83380644,1.7385381E+17
912.00000,0.90478709,1.7426896E+17
913.00000,1.0903763,1.7476980E+17
914.00000,1.3844074,1.7540640E+17
915.00000,2.2289526,1.7643247E+17
916.00000,4.5464896,1.7852767E+17
917.00000,4.8513011,1.8076579E+17
918.00000,2.9892343,1.8214635E+17
919.00000,1.9464802,1.8304631E+17
920.00000,1.5961747,1.8378510E+17
921.00000,1.4941659,1.8447743E+17
922.00000,1.3347934,1.8509659E+17
923.00000,1.0818184,1.8559894E+17
924.00000,0.89667876,1.8601578E+17
925.00000,0.79918988,1.8638769E+17
926.00000,0.84242334,1.8678015E+17
927.00000,0.83252595,1.8716842E+17
928.00000,0.85318108,1.8756675E+17
929.00000,0.91966498,1.8799659E+17
930.00000,0.98614888,1.8845799E+17
931.00000,1.0526328,1.8895103E+17
932.00000,1.1342948,1.8948289E+17
933.00000,1.2311348,1.9006077E+17
934.00000,1.3279749,1.9068478E+17
935.00000,1.4248150,1.9135502E+17
936.00000,1.5392726,1.9207986E+17
937.00000,1.6654753,1.9286498E+17
938.00000,1.7916780,1.9371048E+17
939.00000,1.9178807,1.9461651E+17
940.00000,1.9246918,1.9552673E+17
941.00000,1.8827373,1.9641805E+17
942.00000,1.8407827,1.9729043E+17
943.00000,1.7988282,1.9814384E+17
944.00000,1.7968074,1.9899719E+17
945.00000,1.8035526,1.9985466E+17
946.00000,1.8102977,2.0071624E+17
947.00000,1.8170429,2.0158194E+17
948.00000,1.8131434,2.0244670E+17
949.00000,1.8084428,2.0331013E+17
950.00000,1.8037422,2.0417222E+17
951.00000,1.7930751,2.0503011E+17
952.00000,1.6392141,2.0581522E+17
953.00000,1.4853530,2.0652738E+17
954.00000,1.3314919,2.0716644E+17
955.00000,1.1850217,2.0773580E+17
956.00000,1.0804333,2.0825545E+17
957.00000,0.97584489,2.0872528E+17
958.00000,0.87125646,2.0914520E+17
959.00000,0.79701915,2.0952974E+17
960.00000,0.80484227,2.0991846E+17
961.00000,0.81266538,2.1031137E+17
962.00000,0.82048849,2.1070847E+17
963.00000,0.85263393,2.1112156E+17
964.00000,0.92446314,2.1156992E+17
965.00000,0.99629235,2.1205361E+17
966.00000,1.0681216,2.1257271E+17
967.00000,1.1537967,2.1313403E+17
968.00000,1.2533177,2.1374440E+17
969.00000,1.3528388,2.1440391E+17
970.00000,1.4523598,2.1511268E+17
971.00000,1.5084819,2.1584959E+17
972.00000,1.5380045,2.1660169E+17
973.00000,1.5675272,2.1736902E+17
974.00000,1.5970499,2.1815161E+17
975.00000,1.6976972,2.1898437E+17
976.00000,1.8233344,2.1987967E+17
977.00000,1.9489715,2.2083765E+17
978.00000,2.0746087,2.2185842E+17
979.00000,2.0704399,2.2287819E+17
980.00000,2.0468748,2.2388738E+17
981.00000,2.0233097,2.2488596E+17
982.00000,1.9997446,2.2587393E+17
983.00000,1.7743543,2.2675143E+17
984.00000,1.5489640,2.2751825E+17
985.00000,1.3235737,2.2817415E+17
986.00000,1.1404471,2.2873988E+17
987.00000,1.2672542,2.2936915E+17
988.00000,1.3940612,2.3006208E+17
989.00000,1.5208683,2.3081882E+17
990.00000,1.6528095,2.3164203E+17
991.00000,1.8001532,2.3253954E+17
992.00000,1.9474970,2.3351149E+17
993.00000,2.0948407,2.3455802E+17
994.00000,2.0656192,2.3559100E+17
995.00000,1.7602316,2.3647215E+17
996.00000,1.4548440,2.3720115E+17
997.00000,1.1494564,2.3777771E+17
998.00000,0.98234088,2.3827094E+17
999.00000,0.94286112,2.3874482E+17
1000.0000,0.90338136,2.3919931E+17
1001.0000,0.86390160,2.3963437E+17
1002.0000,0.87309927,2.4007451E+17
1003.0000,0.90737320,2.4053238E+17
1004.0000,0.94164713,2.4100802E+17
1005.0000,0.97592105,2.4150146E+17
1006.0000,1.0310923,2.4202331E+17
1007.0000,1.0914878,2.4257629E+17
1008.0000,1.1518834,2.4316044E+17
1009.0000,1.2122789,2.4377582E+17
1010.0000,1.2225170,2.4439702E+17
1011.0000,1.2295537,2.4502242E+17
1012.0000,1.2365903,2.4565201E+17
1013.0000,1.2311481,2.4627945E+17
1014.0000,1.0821999,2.4683153E+17
1015.0000,0.93325171,2.4730809E+17
1016.0000,0.78430350,2.4770899E+17
1017.0000,0.65721423,2.4804526E+17
1018.0000,0.60330486,2.4835424E+17
1019.0000,0.54939549,2.4863590E+17
1020.0000,0.49548611,2.4889016E+17
1021.0000,0.45906919,2.4912597E+17
1022.0000,0.45243671,2.4935860E+17
1023.0000,0.44580424,2.4958804E+17
1024.0000,0.43917176,2.4981429E+17
1025.0000,0.43918796,2.5004077E+17
1026.0000,0.44534141,2.5027065E+17
1027.0000,0.45149485,2.5050393E+17
1028.0000,0.45764829,2.5074062E+17
1029.0000,0.46552845,2.5098162E+17
1030.0000,0.47425908,2.5122738E+17
1031.0000,0.48298971,2.5147790E+17
1032.0000,0.49172035,2.5173320E+17
1033.0000,0.48087213,2.5198311E+17
1034.0000,0.46601379,2.5222554E+17
1035.0000,0.45115546,2.5246046E+17
1036.0000,0.43629712,2.5268786E+17
1037.0000,0.42604129,2.5291013E+17
1038.0000,0.41587938,2.5312731E+17
1039.0000,0.40571748,2.5333939E+17
1040.0000,0.39888026,2.5354809E+17
1041.0000,0.41246606,2.5376411E+17
1042.0000,0.42605187,2.5398746E+17
1043.0000,0.43963768,2.5421816E+17
1044.0000,0.45641155,2.5445788E+17
1045.0000,0.48062422,2.5471056E+17
1046.0000,0.50483690,2.5497623E+17
1047.0000,0.52904958,2.5525491E+17
1048.0000,0.55437789,2.5554720E+17
1049.0000,0.58101585,2.5585383E+17
1050.0000,0.60765381,2.5617483E+17
1051.0000,0.63429177,2.5651022E+17
1052.0000,0.62719577,2.5684217E+17
1053.0000,0.59942410,2.5715972E+17
1054.0000,0.57165244,2.5746285E+17
1055.0000,0.54388077,2.5775153E+17
1056.0000,0.51037033,2.5802267E+17
1057.0000,0.47533440,2.5827545E+17
1058.0000,0.44029846,2.5850981E+17
1059.0000,0.40526253,2.5872573E+17
1060.0000,0.39286378,2.5893523E+17
1061.0000,0.38140824,2.5913883E+17
1062.0000,0.36995270,2.5933649E+17
1063.0000,0.35991245,2.5952897E+17
1064.0000,0.35934377,2.5972133E+17
1065.0000,0.35877509,2.5991356E+17
1066.0000,0.35820641,2.6010567E+17
1067.0000,0.36032367,2.6029909E+17
1068.0000,0.36870811,2.6049720E+17
1069.0000,0.37709255,2.6070001E+17
1070.0000,0.38547699,2.6090752E+17
1071.0000,0.39405627,2.6111984E+17
1072.0000,0.40285525,2.6133711E+17
1073.0000,0.41165424,2.6155933E+17
1074.0000,0.42045322,2.6178652E+17
1075.0000,0.42992797,2.6201904E+17
1076.0000,0.43976660,2.6225710E+17
1077.0000,0.44960522,2.6250071E+17
1078.0000,0.45944385,2.6274989E+17
1079.0000,0.49310149,2.6301757E+17
1080.0000,0.53163772,2.6330643E+17
1081.0000,0.57017396,2.6361652E+17
1082.0000,0.60829030,2.6394765E+17
1083.0000,0.60483757,2.6427720E+17
1084.0000,0.60138484,2.6460517E+17
1085.0000,0.59793211,2.6493156E+17
1086.0000,0.59031123,2.6525409E+17
1087.0000,0.56601774,2.6556362E+17
1088.0000,0.54172425,2.6586015E+17
1089.0000,0.51743076,2.6614364E+17
1090.0000,0.48726528,2.6641084E+17
1091.0000,0.44751918,2.6665648E+17
1092.0000,0.40777308,2.6688050E+17
1093.0000,0.36802698,2.6708288E+17
1094.0000,0.34203726,2.6727113E+17
1095.0000,0.32642515,2.6745096E+17
1096.0000,0.31081305,2.6762234E+17
1097.0000,0.29520095,2.6778526E+17
1098.0000,0.30797548,2.6795539E+17
1099.0000,0.32971423,2.6813769E+17
1100.0000,0.35145297,2.6833219E+17
1101.0000,0.37319171,2.6853890E+17
1102.0000,0.42364478,2.6877378E+17
1103.0000,0.47560912,2.6903771E+17
1104.0000,0.52757347,2.6933073E+17
1105.0000,0.58151285,2.6965401E+17
1106.0000,0.64664408,2.7001382E+17
1107.0000,0.71177532,2.7041023E+17
1108.0000,0.77690656,2.7084331E+17
1109.0000,0.80696376,2.7129354E+17
1110.0000,0.76893604,2.7172295E+17
1111.0000,0.73090832,2.7213149E+17
1112.0000,0.69288060,2.7251912E+17
1113.0000,0.63708923,2.7287586E+17
1114.0000,0.56616586,2.7319317E+17
1115.0000,0.49524249,2.7347098E+17
1116.0000,0.42431912,2.7370921E+17
1117.0000,0.38132930,2.7392351E+17
1118.0000,0.34765065,2.7411905E+17
1119.0000,0.31397200,2.7429581E+17
1120.0000,0.28029336,2.7445374E+17
1121.0000,0.26656447,2.7460408E+17
1122.0000,0.25388557,2.7474739E+17
1123.0000,0.24120667,2.7488367E+17
1124.0000,0.22983040,2.7501364E+17
1125.0000,0.22529293,2.7514115E+17
1126.0000,0.22075546,2.7526621E+17
1127.0000,0.21621799,2.7538880E+17
1128.0000,0.21297898,2.7550966E+17
1129.0000,0.21204835,2.7563011E+17
1130.0000,0.21111772,2.7575013E+17
1131.0000,0.21018709,2.7586973E+17
1132.0000,0.20900294,2.7598876E+17
1133.0000,0.20763519,2.7610711E+17
1134.0000,0.20626744,2.7622479E+17
1135.0000,0.20489969,2.7634179E+17
1136.0000,0.20559266,2.7645929E+17
1137.0000,0.20683341,2.7657761E+17
1138.0000,0.20807416,2.7669674E+17
1139.0000,0.20931429,2.7681668E+17
1140.0000,0.21049209,2.7693740E+17
1141.0000,0.21166988,2.7705891E+17
1142.0000,0.21284768,2.7718120E+17
1143.0000,0.21382879,2.7730416E+17
1144.0000,0.21411257,2.7742739E+17
1145.0000,0.21439634,2.7755090E+17
1146.0000,0.21468012,2.7767467E+17
1147.0000,0.21448338,2.7779844E+17
1148.0000,0.21367508,2.7792185E+17
1149.0000,0.21286678,2.7804490E+17
1150.0000,0.21205848,2.7816759E+17
1151.0000,0.21224950,2.7829050E+17
1152.0000,0.21293274,2.7841391E+17
1153.0000,0.21361597,2.7853782E+17
1154.0000,0.21429920,2.7866224E+17
1155.0000,0.21880841,2.7878938E+17
1156.0000,0.22379049,2.7891954E+17
1157.0000,0.22877258,2.7905270E+17
1158.0000,0.23472380,2.7918945E+17
1159.0000,0.24778199,2.7933393E+17
1160.0000,0.26084018,2.7948615E+17
1161.0000,0.27389837,2.7964614E+17
1162.0000,0.28955417,2.7981541E+17
1163.0000,0.31003412,2.7999682E+17
1164.0000,0.33051406,2.8019037E+17
1165.0000,0.35099401,2.8039609E+17
1166.0000,0.38734978,2.8062331E+17
1167.0000,0.43473789,2.8087856E+17
1168.0000,0.48212601,2.8116186E+17
1169.0000,0.52951413,2.8147328E+17
1170.0000,0.60269588,2.8182805E+17
1171.0000,0.68153964,2.8222956E+17
1172.0000,0.76038340,2.8267791E+17
1173.0000,0.83397096,2.8317007E+17
1174.0000,0.82521120,2.8365747E+17
1175.0000,0.81645145,2.8414011E+17
1176.0000,0.80769170,2.8461798E+17
1177.0000,0.78017712,2.8507996E+17
1178.0000,0.70890127,2.8550009E+17
1179.0000,0.63762543,2.8587830E+17
1180.0000,0.56634958,2.8621452E+17
1181.0000,0.51538864,2.8652075E+17
1182.0000,0.48173299,2.8680722E+17
1183.0000,0.44807734,2.8707390E+17
1184.0000,0.41442169,2.8732076E+17
1185.0000,0.39164471,2.8755425E+17
1186.0000,0.37175952,2.8777607E+17
1187.0000,0.35187433,2.8798620E+17
1188.0000,0.33191247,2.8818458E+17
1189.0000,0.30947160,2.8836970E+17
1190.0000,0.28703073,2.8854154E+17
1191.0000,0.26458985,2.8870008E+17
1192.0000,0.24564642,2.8884739E+17
1193.0000,0.23526567,2.8898860E+17
1194.0000,0.22488492,2.8912369E+17
1195.0000,0.21450417,2.8925265E+17
1196.0000,0.20693589,2.8937717E+17
1197.0000,0.20176342,2.8949867E+17
1198.0000,0.19659094,2.8961716E+17
1199.0000,0.19141847,2.8973263E+17
1200.0000,0.18829798,2.8978947E+17